state,year,gdp,income_pc,real_income_pc,rpp,employment
Alabama,2008,174665.6,33441.0,42219.0,88.901,2582600.0
Alabama,2009,170876.5,32717.0,41966.0,87.786,2479511.0
Alabama,2010,177510.7,33848.0,41709.0,89.783,2460305.0
Alabama,2011,182896.7,34884.0,41819.0,90.011,2497974.0
Alabama,2012,188280.7,35559.0,41592.0,90.559,2503656.0
Alabama,2013,193981.5,35706.0,41325.0,90.324,2523020.0
Alabama,2014,197064.4,36722.0,41984.0,90.175,2552256.0
Alabama,2015,203113.3,38189.0,43809.0,89.741,2587641.0
Alabama,2016,208824.3,38704.0,43554.0,90.609,2619761.0
Alabama,2017,216615.5,39968.0,44481.0,90.065,2649222.0
Alabama,2018,226263.8,41324.0,46440.0,87.378,2692424.0
Alabama,2019,234798.2,42998.0,47130.0,88.303,2712014.0
Alabama,2020,235859.0,45872.0,50186.0,87.569,2670980.0
Alabama,2021,260325.0,50638.0,52875.0,88.062,2769117.0
Alabama,2022,286873.3,51697.0,50649.0,88.021,2857149.0
Alabama,2023,309543.8,54612.0,50902.0,89.097,2931413.0
Alabama,2024,325345.1,57311.0,52216.0,88.823,2969241.0
Alaska,2008,55246.7,47800.0,51647.0,103.878,443602.0
Alaska,2009,50165.9,47211.0,50081.0,106.147,442505.0
Alaska,2010,53654.0,49543.0,53163.0,103.099,443940.0
Alaska,2011,56912.3,52415.0,54766.0,103.274,450420.0
Alaska,2012,58320.7,53340.0,55096.0,102.548,459282.0
Alaska,2013,57533.0,52252.0,53525.0,102.052,461205.0
Alaska,2014,56587.4,55098.0,55480.0,102.386,461371.0
Alaska,2015,51574.2,56714.0,56528.0,103.287,461707.0
Alaska,2016,51121.8,55536.0,54411.0,104.073,457142.0
Alaska,2017,53550.9,56500.0,54022.0,104.833,455550.0
Alaska,2018,54762.0,58997.0,55403.0,104.565,454776.0
Alaska,2019,54549.6,60504.0,56834.0,103.041,454794.0
Alaska,2020,51861.7,61903.0,58522.0,101.339,430889.0
Alaska,2021,59363.0,65803.0,57677.0,104.907,443016.0
Alaska,2022,65682.5,69160.0,58413.0,102.101,454025.0
Alaska,2023,68232.7,72398.0,58204.0,103.297,467104.0
Alaska,2024,71567.2,76234.0,60272.0,102.359,474188.0
Arizona,2008,261005.8,35586.0,38966.0,102.504,3402806.0
Arizona,2009,244862.2,33467.0,36634.0,102.865,3228516.0
Arizona,2010,250527.0,33778.0,37162.0,100.558,3181563.0
Arizona,2011,261691.4,35263.0,38403.0,99.083,3239037.0
Arizona,2012,272703.3,36364.0,39284.0,98.05,3295532.0
Arizona,2013,278679.5,36918.0,39204.0,98.441,3371101.0
Arizona,2014,286676.0,38268.0,40281.0,97.944,3448146.0
Arizona,2015,298942.2,39888.0,41960.0,97.865,3547647.0
Arizona,2016,313787.1,41173.0,42568.0,98.622,3644791.0
Arizona,2017,333099.0,43255.0,44279.0,97.915,3740747.0
Arizona,2018,353671.0,45297.0,45675.0,97.381,3854741.0
Arizona,2019,375376.7,47718.0,47236.0,97.779,3929587.0
Arizona,2020,390503.2,52077.0,50292.0,99.203,3919887.0
Arizona,2021,438136.0,57175.0,54424.0,96.6,4085773.0
Arizona,2022,488722.2,59060.0,50935.0,99.992,4250495.0
Arizona,2023,530105.0,63032.0,51960.0,100.742,4404247.0
Arizona,2024,570088.6,65798.0,52890.0,100.677,4457506.0
Arkansas,2008,100206.7,32157.0,40969.0,88.096,1579250.0
Arkansas,2009,97783.9,31411.0,40953.0,86.364,1542904.0
Arkansas,2010,101699.3,32218.0,40248.0,88.561,1541250.0
Arkansas,2011,105697.6,34181.0,41264.0,89.383,1561929.0
Arkansas,2012,108836.0,36289.0,42999.0,89.394,1565109.0
Arkansas,2013,114021.1,36286.0,42386.0,89.493,1569358.0
Arkansas,2014,117388.7,38220.0,44078.0,89.395,1587408.0
Arkansas,2015,118573.6,39267.0,45415.0,89.013,1610799.0
Arkansas,2016,120987.4,40181.0,45881.0,89.298,1629734.0
Arkansas,2017,123882.6,41403.0,46861.0,88.561,1639903.0
Arkansas,2018,129213.8,43031.0,48487.0,87.144,1658212.0
Arkansas,2019,132625.8,43737.0,48246.0,87.744,1663305.0
Arkansas,2020,136145.9,47129.0,51212.0,88.165,1639041.0
Arkansas,2021,154261.8,53353.0,55184.0,88.902,1684580.0
Arkansas,2022,167863.5,53709.0,53291.0,86.913,1744586.0
Arkansas,2023,178114.8,56547.0,54094.0,86.81,1789021.0
Arkansas,2024,188339.6,59320.0,55219.0,86.937,1805358.0
California,2008,1946241.5,43391.0,43788.0,111.22,20654365.0
California,2009,1879809.5,41660.0,42377.0,110.696,19837727.0
California,2010,1938603.3,43137.0,43503.0,109.703,19642544.0
California,2011,2014050.3,45508.0,44844.0,109.503,19986185.0
California,2012,2108873.1,47793.0,46162.0,109.666,20666919.0
California,2013,2223300.9,48074.0,45826.0,109.667,21318697.0
California,2014,2342218.8,50617.0,47472.0,109.926,21996861.0
California,2015,2487156.4,53816.0,50054.0,110.685,22687175.0
California,2016,2586485.2,55862.0,51802.0,109.956,23177961.0
California,2017,2740550.3,58214.0,52569.0,110.998,23548874.0
California,2018,2899530.9,60984.0,53523.0,111.882,24077466.0
California,2019,3068629.7,64219.0,55931.0,111.134,24224461.0
California,2020,3072927.6,70100.0,59993.0,111.944,23156746.0
California,2021,3418256.1,77134.0,63373.0,111.918,23932245.0
California,2022,3618289.7,77196.0,59126.0,112.591,24941794.0
California,2023,3827007.3,81196.0,60100.0,112.195,25260641.0
California,2024,4048108.1,86232.0,63028.0,110.72,25583169.0
Colorado,2008,257606.1,42961.0,46671.0,103.315,3251120.0
Colorado,2009,249817.1,40258.0,44278.0,102.378,3164474.0
Colorado,2010,256771.8,40827.0,44904.0,100.59,3143662.0
Colorado,2011,266114.1,43735.0,45648.0,103.384,3204104.0
Colorado,2012,274738.8,45495.0,46723.0,103.138,3262912.0
Colorado,2013,291265.3,47088.0,47745.0,103.099,3357156.0
Colorado,2014,309223.9,50251.0,50265.0,103.068,3467715.0
Colorado,2015,320895.9,51401.0,51351.0,103.048,3574253.0
Colorado,2016,330565.9,51312.0,50937.0,102.716,3666709.0
Colorado,2017,350209.1,54176.0,52749.0,102.946,3760708.0
Colorado,2018,373923.1,57798.0,56590.0,100.29,3857981.0
Colorado,2019,397843.6,61278.0,57869.0,102.491,3894321.0
Colorado,2020,396981.1,64704.0,59735.0,103.774,3821182.0
Colorado,2021,445781.3,71928.0,64359.0,102.765,3987514.0
Colorado,2022,499197.4,76685.0,64668.0,102.26,4108115.0
Colorado,2023,533268.6,80169.0,65363.0,101.856,4250108.0
Colorado,2024,557633.0,83055.0,65223.0,103.052,4267582.0
Connecticut,2008,236110.7,60543.0,61522.0,110.451,2256077.0
Connecticut,2009,231628.0,59586.0,60598.0,110.72,2196171.0
Connecticut,2010,234022.2,61392.0,63477.0,106.999,2171940.0
Connecticut,2011,233058.7,62964.0,63006.0,107.834,2206253.0
Connecticut,2012,239907.5,63556.0,62569.0,107.595,2223243.0
Connecticut,2013,240549.2,62000.0,60162.0,107.731,2246505.0
Connecticut,2014,247114.7,64484.0,62123.0,107.015,2266061.0
Connecticut,2015,260648.5,66222.0,63396.0,107.536,2288144.0
Connecticut,2016,264760.4,67551.0,64086.0,107.477,2301331.0
Connecticut,2017,273875.1,69147.0,64637.0,107.228,2300273.0
Connecticut,2018,280535.4,72159.0,68121.0,104.015,2314465.0
Connecticut,2019,286451.9,74176.0,69091.0,103.915,2297925.0
Connecticut,2020,278747.9,76826.0,70018.0,105.119,2217480.0
Connecticut,2021,297366.0,82152.0,73422.0,102.886,2289367.0
Connecticut,2022,321625.2,85411.0,69250.0,106.362,2353654.0
Connecticut,2023,341851.8,90235.0,71915.0,104.201,2420056.0
Connecticut,2024,356834.9,95067.0,74254.0,103.61,2430624.0
Delaware,2008,55250.8,41254.0,45956.0,100.753,544865.0
Delaware,2009,57729.9,41056.0,45289.0,102.077,525596.0
Delaware,2010,58132.2,41100.0,44778.0,101.545,522361.0
Delaware,2011,61379.4,43779.0,47032.0,100.441,530360.0
Delaware,2012,62342.1,43771.0,46566.0,99.566,534253.0
Delaware,2013,62058.2,43943.0,46578.0,98.624,544691.0
Delaware,2014,68606.0,45359.0,46900.0,99.708,556449.0
Delaware,2015,72352.5,47238.0,49667.0,97.913,568832.0
Delaware,2016,70021.5,48186.0,49892.0,98.478,578605.0
Delaware,2017,69555.6,49997.0,50878.0,98.499,584693.0
Delaware,2018,73376.0,52670.0,52109.0,99.252,597021.0
Delaware,2019,78710.5,53778.0,52671.0,98.824,602769.0
Delaware,2020,77757.2,55518.0,54952.0,96.791,592176.0
Delaware,2021,83554.7,59873.0,56509.0,97.425,619925.0
Delaware,2022,97030.4,64066.0,56371.0,98.007,642859.0
Delaware,2023,103332.5,64591.0,54314.0,98.759,669568.0
Delaware,2024,110971.8,68061.0,55185.0,99.808,674338.0
District of Columbia,2008,99240.4,60609.0,60539.0,112.368,794904.0
District of Columbia,2009,100430.1,60011.0,59790.0,113.017,795923.0
District of Columbia,2010,106128.6,63190.0,61203.0,114.226,809128.0
District of Columbia,2011,109953.9,66985.0,63372.0,114.058,826749.0
District of Columbia,2012,112512.7,67522.0,64062.0,111.644,834391.0
District of Columbia,2013,114832.7,67081.0,61773.0,113.521,848230.0
District of Columbia,2014,119998.0,70527.0,63647.0,114.242,860668.0
District of Columbia,2015,124753.6,74784.0,67939.0,113.321,873204.0
District of Columbia,2016,129933.5,77500.0,70295.0,112.415,892796.0
District of Columbia,2017,134298.8,79567.0,72407.0,110.146,902843.0
District of Columbia,2018,141240.2,82272.0,72574.0,111.317,914319.0
District of Columbia,2019,145071.4,83675.0,74146.0,109.228,915216.0
District of Columbia,2020,146854.6,90741.0,78403.0,110.881,866078.0
District of Columbia,2021,156581.3,98143.0,80885.0,111.572,869737.0
District of Columbia,2022,165106.2,100849.0,77241.0,112.594,895905.0
District of Columbia,2023,174250.7,106640.0,79990.0,110.713,908658.0
District of Columbia,2024,184297.7,111185.0,81872.0,109.901,914851.0
Florida,2008,767357.8,39185.0,43259.0,101.668,10269510.0
Florida,2009,739322.4,36777.0,41209.0,100.491,9841868.0
Florida,2010,752998.4,38779.0,42735.0,100.392,9805140.0
Florida,2011,761043.1,40437.0,43268.0,100.846,10036679.0
Florida,2012,784545.9,41211.0,43189.0,101.072,10249034.0
Florida,2013,819679.8,40743.0,42278.0,100.742,10539527.0
Florida,2014,860112.6,42877.0,43812.0,100.894,10937534.0
Florida,2015,918464.3,44957.0,45693.0,101.29,11367164.0
Florida,2016,964500.8,45730.0,46126.0,101.087,11682273.0
Florida,2017,1014866.9,48447.0,48141.0,100.871,12098388.0
Florida,2018,1072085.6,51015.0,49935.0,100.318,12556216.0
Florida,2019,1133718.0,53666.0,52128.0,99.645,12760885.0
Florida,2020,1144653.2,56597.0,53897.0,100.604,12719408.0
Florida,2021,1300807.8,62617.0,56789.0,101.389,13456896.0
Florida,2022,1473688.1,65429.0,55163.0,102.284,14219768.0
Florida,2023,1624642.3,70057.0,56138.0,103.636,14959611.0
Florida,2024,1726709.9,73006.0,57131.0,103.414,14957046.0
Georgia,2008,416303.5,35272.0,42002.0,94.254,5451004.0
Georgia,2009,409876.2,34213.0,41941.0,91.854,5247101.0
Georgia,2010,419013.1,34740.0,40640.0,94.574,5211443.0
Georgia,2011,433137.1,36760.0,42349.0,93.666,5325710.0
Georgia,2012,449375.6,37250.0,41403.0,95.298,5384734.0
Georgia,2013,467559.5,37484.0,41305.0,94.868,5497190.0
Georgia,2014,493370.3,39550.0,42937.0,94.962,5671135.0
Georgia,2015,525516.8,41527.0,45136.0,94.717,5832928.0
Georgia,2016,554903.2,42742.0,45879.0,94.991,5973764.0
Georgia,2017,583543.3,44836.0,47171.0,95.275,6128089.0
Georgia,2018,612803.4,46624.0,48278.0,94.832,6287460.0
Georgia,2019,646695.8,48529.0,49762.0,94.392,6398769.0
Georgia,2020,638488.3,51496.0,52219.0,94.478,6326540.0
Georgia,2021,706004.6,56262.0,54051.0,95.713,6638744.0
Georgia,2022,785922.7,57396.0,51732.0,95.678,6939403.0
Georgia,2023,835755.3,60006.0,51643.0,96.494,7094400.0
Georgia,2024,881508.2,63006.0,52952.0,96.293,7180379.0
Hawaii,2008,65545.5,41887.0,42828.0,109.773,858384.0
Hawaii,2009,64464.3,41144.0,41102.0,112.715,829885.0
Hawaii,2010,66739.3,41498.0,41904.0,109.56,824450.0
Hawaii,2011,68801.1,42758.0,41967.0,109.94,834994.0
Hawaii,2012,71645.6,43523.0,42532.0,108.393,849130.0
Hawaii,2013,74598.5,43548.0,40531.0,112.319,868191.0
Hawaii,2014,77043.0,45445.0,42363.0,110.596,882702.0
Hawaii,2015,81410.2,47150.0,43533.0,111.504,901126.0
Hawaii,2016,84287.2,48561.0,45054.0,109.901,914921.0
Hawaii,2017,87436.4,50506.0,45829.0,110.466,921135.0
Hawaii,2018,90933.5,51554.0,45636.0,110.929,924352.0
Hawaii,2019,93240.2,53940.0,46712.0,111.767,913949.0
Hawaii,2020,84788.0,57026.0,48228.0,113.279,817466.0
Hawaii,2021,93684.2,61264.0,50046.0,112.564,860689.0
Hawaii,2022,103954.5,63184.0,49022.0,111.148,895965.0
Hawaii,2023,111740.2,67269.0,50923.0,109.703,918356.0
Hawaii,2024,117627.4,71019.0,52272.0,109.951,928210.0
Idaho,2008,56203.6,32690.0,38641.0,94.953,921093.0
Idaho,2009,54507.9,31200.0,37042.0,94.843,880489.0
Idaho,2010,56086.2,31948.0,37925.0,93.2,868683.0
Idaho,2011,57418.2,33447.0,38348.0,94.115,878537.0
Idaho,2012,57933.7,34812.0,39447.0,93.477,883162.0
Idaho,2013,61712.6,35699.0,39836.0,93.681,903016.0
Idaho,2014,64501.7,37107.0,40832.0,93.691,925548.0
Idaho,2015,66064.9,38813.0,42381.0,94.281,949392.0
Idaho,2016,69185.2,39653.0,43476.0,92.998,976719.0
Idaho,2017,72935.1,41197.0,43689.0,94.518,1007831.0
Idaho,2018,79072.4,43254.0,46299.0,91.736,1041387.0
Idaho,2019,84429.4,45880.0,48040.0,92.437,1063420.0
Idaho,2020,88056.8,49724.0,52336.0,91.023,1077556.0
Idaho,2021,99884.1,55603.0,55840.0,91.563,1136875.0
Idaho,2022,112609.7,57034.0,53576.0,91.802,1179749.0
Idaho,2023,120588.1,59201.0,53302.0,92.236,1217054.0
Idaho,2024,129018.2,62323.0,52816.0,95.494,1230617.0
Illinois,2008,649677.3,43238.0,48377.0,100.316,7553123.0
Illinois,2009,645843.2,41088.0,45534.0,101.607,7304369.0
Illinois,2010,663929.0,42107.0,45770.0,101.778,7251061.0
Illinois,2011,691805.5,44075.0,46640.0,101.971,7376147.0
Illinois,2012,725478.0,45934.0,48199.0,100.947,7434721.0
Illinois,2013,742890.9,46735.0,48770.0,100.175,7503553.0
Illinois,2014,772291.7,48536.0,50191.0,99.697,7613604.0
Illinois,2015,802592.0,50688.0,52761.0,98.903,7748859.0
Illinois,2016,813561.6,51347.0,52619.0,99.498,7804672.0
Illinois,2017,832826.8,53056.0,53045.0,100.254,7823072.0
Illinois,2018,871024.2,56077.0,54837.0,100.416,7880803.0
Illinois,2019,895601.8,57738.0,56192.0,99.453,7859167.0
Illinois,2020,860807.8,61579.0,58809.0,100.315,7520041.0
Illinois,2021,947223.9,66866.0,60683.0,101.321,7749971.0
Illinois,2022,1037735.9,68044.0,57980.0,101.205,7992113.0
Illinois,2023,1100794.1,71761.0,60348.0,98.752,8170725.0
Illinois,2024,1148106.1,74522.0,60333.0,99.958,8216215.0
Indiana,2008,277774.5,35270.0,43055.0,91.943,3682921.0
Indiana,2009,264925.0,34200.0,41607.0,92.555,3523023.0
Indiana,2010,284685.8,35590.0,42327.0,93.022,3525292.0
Indiana,2011,292373.8,37681.0,44014.0,92.38,3590103.0
Indiana,2012,301277.4,39148.0,44708.0,92.751,3642274.0
Indiana,2013,313466.9,39435.0,44383.0,92.881,3684167.0
Indiana,2014,329360.9,40719.0,45316.0,92.638,3740470.0
Indiana,2015,333163.8,42146.0,47464.0,91.415,3796439.0
Indiana,2016,342716.6,43143.0,48157.0,91.346,3847508.0
Indiana,2017,357535.8,44568.0,49158.0,90.875,3903424.0
Indiana,2018,377376.9,46555.0,49260.0,92.802,3963724.0
Indiana,2019,384838.7,48270.0,50329.0,92.829,3969443.0
Indiana,2020,378293.0,51775.0,54055.0,91.763,3843285.0
Indiana,2021,425270.9,57374.0,56986.0,92.579,3977987.0
Indiana,2022,467679.6,58671.0,55069.0,91.875,4101252.0
Indiana,2023,496849.5,61386.0,55353.0,92.097,4193182.0
Indiana,2024,519516.5,64077.0,55562.0,93.329,4214670.0
Iowa,2008,137749.2,38490.0,49456.0,87.351,1997583.0
Iowa,2009,137094.3,37246.0,46729.0,89.75,1959120.0
Iowa,2010,142497.7,38190.0,46358.0,91.139,1950434.0
Iowa,2011,149026.1,40879.0,49104.0,89.832,1975941.0
Iowa,2012,158553.1,42539.0,49628.0,90.793,1993406.0
Iowa,2013,162415.0,43009.0,49488.0,90.853,2019403.0
Iowa,2014,173734.2,44120.0,50001.0,90.97,2038999.0
Iowa,2015,181471.7,45442.0,52254.0,89.528,2059821.0
Iowa,2016,183834.8,45669.0,52065.0,89.439,2066676.0
Iowa,2017,187125.0,46767.0,52544.0,89.213,2061826.0
Iowa,2018,193155.1,48773.0,52172.0,91.797,2076505.0
Iowa,2019,196262.5,49674.0,52372.0,91.804,2071286.0
Iowa,2020,199449.6,52676.0,55696.0,90.61,2011185.0
Iowa,2021,225055.3,58250.0,59666.0,89.77,2056111.0
Iowa,2022,244156.8,61209.0,59743.0,88.351,2093312.0
Iowa,2023,253166.5,62688.0,58646.0,88.769,2124703.0
Iowa,2024,265794.5,65225.0,60144.0,87.762,2132090.0
Kansas,2008,129223.2,41060.0,51283.0,89.864,1858080.0
Kansas,2009,126049.7,39382.0,48282.0,91.846,1813192.0
Kansas,2010,129235.7,39821.0,47376.0,92.991,1801894.0
Kansas,2011,136747.1,42889.0,49885.0,92.772,1819054.0
Kansas,2012,141812.1,44913.0,50988.0,93.303,1841411.0
Kansas,2013,144999.3,45669.0,51553.0,92.606,1868968.0
Kansas,2014,150276.1,46289.0,51238.0,93.138,1895912.0
Kansas,2015,155699.0,46597.0,51685.0,92.814,1910992.0
Kansas,2016,162144.5,46717.0,51744.0,92.059,1916188.0
Kansas,2017,166273.6,48271.0,52848.0,91.555,1913433.0
Kansas,2018,173373.0,50282.0,53415.0,92.436,1925926.0
Kansas,2019,176068.8,52156.0,54437.0,92.734,1923958.0
Kansas,2020,175385.6,55231.0,57358.0,92.251,1878986.0
Kansas,2021,188993.3,59209.0,59652.0,91.27,1920129.0
Kansas,2022,213368.8,61875.0,59546.0,89.609,1955078.0
Kansas,2023,224851.3,63513.0,58664.0,89.908,1998458.0
Kansas,2024,230522.1,65856.0,59172.0,90.068,2015348.0
Kentucky,2008,160700.2,32830.0,41015.0,89.84,2402305.0
Kentucky,2009,157440.1,32198.0,40948.0,88.539,2324874.0
Kentucky,2010,166656.3,33187.0,40600.0,90.433,2325641.0
Kentucky,2011,171238.1,34607.0,41282.0,90.458,2367868.0
Kentucky,2012,178370.6,35630.0,41617.0,90.687,2389067.0
Kentucky,2013,184920.6,35758.0,41126.0,90.892,2407581.0
Kentucky,2014,188326.4,37225.0,42144.0,91.063,2439916.0
Kentucky,2015,194621.2,38766.0,43986.0,90.733,2473925.0
Kentucky,2016,197944.8,39319.0,44214.0,90.676,2498703.0
Kentucky,2017,203564.0,40403.0,45005.0,89.985,2520120.0
Kentucky,2018,210509.1,41658.0,45925.0,89.071,2546178.0
Kentucky,2019,220678.8,43466.0,46956.0,89.597,2549331.0
Kentucky,2020,218948.6,47086.0,50641.0,89.078,2470824.0
Kentucky,2021,238693.7,51938.0,53512.0,89.246,2556462.0
Kentucky,2022,262586.6,52629.0,50765.0,89.402,2636339.0
Kentucky,2023,283267.7,55667.0,51428.0,89.89,2707348.0
Kentucky,2024,295375.3,58256.0,52290.0,90.159,2725882.0
Louisiana,2008,213803.5,38328.0,47032.0,91.468,2550824.0
Louisiana,2009,206111.5,36803.0,45953.0,90.18,2529917.0
Louisiana,2010,226555.6,38067.0,45679.0,92.198,2536537.0
Louisiana,2011,230518.7,38966.0,45344.0,92.729,2564904.0
Louisiana,2012,235960.9,40662.0,46358.0,92.908,2601173.0
Louisiana,2013,231652.7,40996.0,46119.0,92.927,2642042.0
Louisiana,2014,240965.0,42533.0,46949.0,93.401,2684809.0
Louisiana,2015,234324.2,42484.0,47113.0,92.834,2696540.0
Louisiana,2016,227440.3,42132.0,45897.0,93.6,2691337.0
Louisiana,2017,239830.7,43486.0,47192.0,92.364,2692542.0
Louisiana,2018,256444.4,45465.0,49191.0,90.755,2725271.0
Louisiana,2019,257499.0,47015.0,49920.0,91.159,2717240.0
Louisiana,2020,233652.0,50179.0,52747.0,91.141,2592461.0
Louisiana,2021,273063.3,55120.0,55469.0,91.373,2693967.0
Louisiana,2022,304299.3,55384.0,52781.0,90.489,2765554.0
Louisiana,2023,318044.3,58996.0,55235.0,88.7,2801413.0
Louisiana,2024,329172.8,61897.0,56789.0,88.207,2850255.0
Maine,2008,51001.9,36960.0,42139.0,98.443,823556.0
Maine,2009,51451.2,37107.0,42349.0,98.663,800553.0
Maine,2010,52802.5,38018.0,43135.0,97.509,791385.0
Maine,2011,53104.5,39502.0,44350.0,96.111,794415.0
Maine,2012,54018.5,39992.0,43691.0,96.955,796939.0
Maine,2013,54924.8,39950.0,42472.0,98.329,803582.0
Maine,2014,56537.4,41137.0,45839.0,92.521,810909.0
Maine,2015,58755.8,42939.0,46105.0,95.879,816586.0
Maine,2016,61092.2,44234.0,46395.0,97.216,826729.0
Maine,2017,63000.6,45905.0,47164.0,97.559,834280.0
Maine,2018,66216.0,47729.0,47996.0,97.649,843918.0
Maine,2019,69708.7,49983.0,50601.0,95.607,842370.0
Maine,2020,72309.7,54330.0,53173.0,97.888,812984.0
Maine,2021,79407.6,59384.0,56096.0,97.343,849229.0
Maine,2022,86310.6,61617.0,52743.0,100.746,867629.0
Maine,2023,93743.8,65447.0,55480.0,97.964,893054.0
Maine,2024,99174.1,68932.0,57480.0,97.05,903041.0
Maryland,2008,292908.3,49026.0,50570.0,108.81,3430861.0
Maryland,2009,298282.8,48448.0,49411.0,110.406,3359477.0
Maryland,2010,313930.5,49616.0,50629.0,108.418,3345404.0
Maryland,2011,324920.9,51797.0,51117.0,109.342,3394860.0
Maryland,2012,331869.0,52481.0,51751.0,107.418,3438930.0
Maryland,2013,339895.8,51871.0,49964.0,108.527,3494007.0
Maryland,2014,351743.1,53075.0,50722.0,107.879,3537737.0
Maryland,2015,367314.1,55032.0,52499.0,107.913,3602930.0
Maryland,2016,386496.4,56606.0,53830.0,107.222,3659063.0
Maryland,2017,399714.5,58245.0,54690.0,106.75,3696841.0
Maryland,2018,410771.8,59915.0,55341.0,106.311,3752933.0
Maryland,2019,419391.6,61723.0,56850.0,105.087,3744561.0
Maryland,2020,413804.5,64868.0,58410.0,106.396,3621815.0
Maryland,2021,447714.3,69231.0,59999.0,106.099,3750179.0
Maryland,2022,481861.4,70781.0,58193.0,104.89,3869608.0
Maryland,2023,515035.9,75476.0,59922.0,104.602,3986457.0
Maryland,2024,546028.4,79259.0,61111.0,104.959,4054489.0
Massachusetts,2008,387923.4,51546.0,54555.0,106.047,4215626.0
Massachusetts,2009,388963.9,50751.0,54190.0,105.455,4115975.0
Massachusetts,2010,409270.0,52707.0,55655.0,104.772,4115496.0
Massachusetts,2011,423684.9,54757.0,56408.0,104.747,4175255.0
Massachusetts,2012,441373.9,56259.0,57031.0,104.488,4253382.0
Massachusetts,2013,452580.4,56119.0,56792.0,103.298,4353531.0
Massachusetts,2014,469824.9,58129.0,57330.0,104.533,4447709.0
Massachusetts,2015,497767.0,61536.0,60284.0,105.086,4631415.0
Massachusetts,2016,514108.0,63476.0,59839.0,108.161,4709800.0
Massachusetts,2017,530129.4,66069.0,61657.0,107.406,4778364.0
Massachusetts,2018,559605.0,69191.0,63248.0,107.422,4855037.0
Massachusetts,2019,588069.5,72381.0,65383.0,107.151,4872942.0
Massachusetts,2020,592855.5,77493.0,68048.0,109.101,4600531.0
Massachusetts,2021,650308.8,84087.0,72466.0,106.698,4777266.0
Massachusetts,2022,696323.1,85441.0,67331.0,109.431,4937380.0
Massachusetts,2023,737867.4,89947.0,69372.0,107.675,5049464.0
Massachusetts,2024,778523.4,93607.0,71629.0,105.757,5057930.0
Michigan,2008,391633.6,35826.0,41949.0,95.855,5337592.0
Michigan,2009,371707.0,34247.0,40151.0,96.044,5046457.0
Michigan,2010,393179.6,35635.0,40986.0,96.187,5038098.0
Michigan,2011,408354.1,37689.0,42724.0,95.188,5165197.0
Michigan,2012,426141.1,39042.0,43541.0,94.979,5234356.0
Michigan,2013,441470.8,39292.0,43149.0,95.192,5323127.0
Michigan,2014,456123.5,40829.0,44089.0,95.473,5412068.0
Michigan,2015,479222.7,42982.0,47218.0,93.713,5501527.0
Michigan,2016,494752.5,44080.0,48000.0,93.637,5575793.0
Michigan,2017,505101.5,45264.0,48928.0,92.727,5631139.0
Michigan,2018,525240.8,47089.0,48921.0,94.518,5715122.0
Michigan,2019,540237.3,48577.0,49306.0,95.359,5713441.0
Michigan,2020,530161.3,52818.0,53586.0,94.431,5388496.0
Michigan,2021,573329.4,57090.0,55679.0,94.281,5602313.0
Michigan,2022,624173.2,58012.0,53454.0,93.589,5803660.0
Michigan,2023,676030.8,61206.0,53903.0,94.296,5938910.0
Michigan,2024,702466.9,63690.0,53569.0,96.217,5980562.0
Minnesota,2008,268771.5,42983.0,49842.0,96.793,3526233.0
Minnesota,2009,262628.8,40963.0,46732.0,98.701,3424125.0
Minnesota,2010,274649.2,42538.0,48225.0,97.587,3408488.0
Minnesota,2011,287070.8,45134.0,50086.0,97.237,3468973.0
Minnesota,2012,298641.4,47399.0,51554.0,97.385,3505288.0
Minnesota,2013,311752.1,47413.0,50857.0,97.458,3555540.0
Minnesota,2014,324701.5,49357.0,51761.0,98.307,3603670.0
Minnesota,2015,336762.0,51353.0,54124.0,97.678,3662633.0
Minnesota,2016,345248.8,51982.0,54535.0,97.192,3697854.0
Minnesota,2017,354721.9,53826.0,55771.0,96.739,3735638.0
Minnesota,2018,372439.2,56201.0,55408.0,99.599,3776940.0
Minnesota,2019,384850.2,57903.0,56749.0,98.759,3782570.0
Minnesota,2020,378969.4,61370.0,60139.0,97.766,3607402.0
Minnesota,2021,416141.9,67676.0,63244.0,98.396,3711169.0
Minnesota,2022,457393.8,69539.0,61533.0,97.457,3799319.0
Minnesota,2023,483222.0,72673.0,61394.0,98.302,3887335.0
Minnesota,2024,507687.8,75603.0,62039.0,98.621,3920236.0
Mississippi,2008,95179.3,30736.0,39167.0,88.077,1537448.0
Mississippi,2009,92378.0,30220.0,39734.0,85.639,1492328.0
Mississippi,2010,94788.3,31213.0,39105.0,88.305,1490777.0
Mississippi,2011,96799.1,32454.0,39395.0,88.892,1509966.0
Mississippi,2012,100905.4,33441.0,39992.0,88.571,1519741.0
Mississippi,2013,103042.6,33976.0,39951.0,88.902,1532509.0
Mississippi,2014,105219.5,34623.0,40125.0,88.96,1556854.0
Mississippi,2015,106623.9,35100.0,40939.0,88.264,1568216.0
Mississippi,2016,107795.4,35638.0,41065.0,88.489,1581199.0
Mississippi,2017,110281.4,36579.0,41790.0,87.737,1592198.0
Mississippi,2018,113166.4,37624.0,42881.0,86.157,1602929.0
Mississippi,2019,116135.7,39142.0,43785.0,86.527,1606893.0
Mississippi,2020,117441.6,42462.0,47533.0,85.583,1572680.0
Mississippi,2021,130404.6,47041.0,50167.0,86.222,1624466.0
Mississippi,2022,141724.2,46984.0,46392.0,87.336,1666078.0
Mississippi,2023,151511.9,49661.0,47517.0,86.792,1703374.0
Mississippi,2024,158192.4,52074.0,48465.0,86.953,1710873.0
Missouri,2008,256431.1,37124.0,47118.0,88.434,3625622.0
Missouri,2009,254306.2,36306.0,45179.0,90.487,3522642.0
Missouri,2010,262013.4,36984.0,43946.0,93.105,3475274.0
Missouri,2011,263330.0,38402.0,44799.0,92.499,3506549.0
Missouri,2012,272482.4,39983.0,45817.0,92.436,3528185.0
Missouri,2013,282659.7,40121.0,45192.0,92.807,3565833.0
Missouri,2014,289340.7,41380.0,45700.0,93.351,3597160.0
Missouri,2015,299597.7,42677.0,47620.0,92.262,3655817.0
Missouri,2016,304143.3,43826.0,48744.0,91.676,3700543.0
Missouri,2017,311273.8,44781.0,48930.0,91.735,3735873.0
Missouri,2018,320451.6,46680.0,49929.0,91.806,3777370.0
Missouri,2019,334750.2,48425.0,50660.0,92.52,3778389.0
Missouri,2020,335970.8,52206.0,54269.0,92.162,3691104.0
Missouri,2021,366193.1,56907.0,56869.0,92.012,3792314.0
Missouri,2022,397536.9,58525.0,55467.0,90.991,3879856.0
Missouri,2023,428887.3,62435.0,56912.0,91.104,3985694.0
Missouri,2024,448713.7,64920.0,57850.0,90.817,4008112.0
Montana,2008,37028.0,35569.0,42435.0,94.079,636195.0
Montana,2009,35880.0,34479.0,41658.0,93.196,619453.0
Montana,2010,38080.3,35999.0,43082.0,92.445,616391.0
Montana,2011,40592.3,38150.0,43686.0,94.232,623221.0
Montana,2012,42150.2,40217.0,45713.0,93.187,633197.0
Montana,2013,43584.0,40142.0,45180.0,92.88,642072.0
Montana,2014,45203.8,41850.0,45344.0,95.152,649048.0
Montana,2015,46542.4,43095.0,46713.0,94.974,660573.0
Montana,2016,45859.4,43301.0,47039.0,93.862,667793.0
Montana,2017,48470.5,45369.0,48274.0,94.202,674409.0
Montana,2018,51152.1,47208.0,50168.0,92.401,684043.0
Montana,2019,52715.6,49654.0,50997.0,94.24,685589.0
Montana,2020,53057.3,53569.0,55801.0,91.972,683414.0
Montana,2021,60314.8,59230.0,59635.0,91.328,714901.0
Montana,2022,69087.8,62086.0,59372.0,90.179,737303.0
Montana,2023,74690.3,66181.0,60386.0,91.014,760516.0
Montana,2024,78441.0,69240.0,59203.0,94.645,764760.0
Nebraska,2008,86146.6,40291.0,50485.0,89.575,1237394.0
Nebraska,2009,87325.5,39422.0,48971.0,90.645,1223251.0
Nebraska,2010,91940.7,41085.0,49374.0,92.061,1219855.0
Nebraska,2011,100526.5,45607.0,53857.0,91.377,1232536.0
Nebraska,2012,102949.7,46385.0,53241.0,92.284,1251331.0
Nebraska,2013,107247.0,45911.0,52274.0,91.812,1266360.0
Nebraska,2014,112763.3,48187.0,54141.0,91.757,1282738.0
Nebraska,2015,117402.3,49708.0,56132.0,91.166,1302877.0
Nebraska,2016,119389.8,48688.0,54694.0,90.767,1310927.0
Nebraska,2017,123219.9,49533.0,55285.0,89.807,1317730.0
Nebraska,2018,127954.4,51436.0,54996.0,91.838,1330415.0
Nebraska,2019,132848.2,53513.0,55976.0,92.531,1328396.0
Nebraska,2020,135014.5,56909.0,58746.0,92.808,1305702.0
Nebraska,2021,150952.5,63658.0,63655.0,91.956,1334521.0
Nebraska,2022,167840.2,66365.0,63701.0,89.844,1357391.0
Nebraska,2023,183780.9,71517.0,65780.0,90.288,1396472.0
Nebraska,2024,189242.7,72701.0,65297.0,90.103,1405802.0
Nevada,2008,130570.9,38640.0,42842.0,101.23,1619016.0
Nevada,2009,122471.2,36125.0,39471.0,103.054,1512925.0
Nevada,2010,125149.0,37289.0,40934.0,100.78,1478082.0
Nevada,2011,128638.4,38595.0,40745.0,102.211,1501861.0
Nevada,2012,130238.2,39680.0,41375.0,101.586,1519210.0
Nevada,2013,133592.5,39331.0,41182.0,99.84,1561287.0
Nevada,2014,136918.4,41126.0,42748.0,99.184,1608537.0
Nevada,2015,145786.8,43799.0,45734.0,98.592,1664654.0
Nevada,2016,153318.0,44715.0,46911.0,97.191,1724751.0
Nevada,2017,163199.1,46991.0,47170.0,99.854,1780614.0
Nevada,2018,172547.9,49289.0,50297.0,96.226,1848890.0
Nevada,2019,184611.1,51942.0,50866.0,98.838,1884199.0
Nevada,2020,176178.7,54684.0,53903.0,97.191,1770794.0
Nevada,2021,202091.8,61031.0,58852.0,95.356,1912665.0
Nevada,2022,232437.9,62726.0,56149.0,96.339,2043934.0
Nevada,2023,253443.3,66698.0,56600.0,97.861,2123253.0
Nevada,2024,269010.5,69805.0,56503.0,99.979,2150803.0
New Hampshire,2008,62095.3,45713.0,48352.0,106.112,844885.0
New Hampshire,2009,63052.2,45119.0,48316.0,105.15,820826.0
New Hampshire,2010,65310.8,46982.0,49967.0,104.026,813758.0
New Hampshire,2011,66557.3,49086.0,51195.0,103.462,818810.0
New Hampshire,2012,68412.0,50715.0,52195.0,102.921,824378.0
New Hampshire,2013,70897.4,50423.0,51281.0,102.79,835032.0
New Hampshire,2014,73455.1,51988.0,52500.0,102.091,844521.0
New Hampshire,2015,77385.8,54161.0,53623.0,103.98,860652.0
New Hampshire,2016,79759.7,55677.0,54017.0,105.096,873123.0
New Hampshire,2017,81179.6,57878.0,54844.0,105.78,882481.0
New Hampshire,2018,83859.4,60335.0,57215.0,103.549,892584.0
New Hampshire,2019,87868.2,63946.0,59512.0,104.001,890078.0
New Hampshire,2020,89041.6,67564.0,61489.0,105.269,858532.0
New Hampshire,2021,99433.3,73982.0,66325.0,102.568,894652.0
New Hampshire,2022,106824.6,75329.0,60234.0,107.847,918549.0
New Hampshire,2023,114427.8,79267.0,62459.0,105.393,942052.0
New Hampshire,2024,119336.6,83192.0,64632.0,104.165,950273.0
New Jersey,2008,493289.4,51606.0,53848.0,107.565,5123837.0
New Jersey,2009,481452.7,49828.0,50560.0,110.969,4992097.0
New Jersey,2010,491229.0,50961.0,51821.0,108.796,4960649.0
New Jersey,2011,494292.8,52854.0,52218.0,109.221,5018547.0
New Jersey,2012,516098.2,54235.0,52572.0,109.274,5053885.0
New Jersey,2013,534212.1,54365.0,52221.0,108.83,5133106.0
New Jersey,2014,543824.1,56367.0,53299.0,109.032,5206898.0
New Jersey,2015,565807.7,58408.0,55179.0,108.973,5303132.0
New Jersey,2016,578651.4,59776.0,55887.0,109.059,5391258.0
New Jersey,2017,590086.7,61704.0,56587.0,109.298,5448785.0
New Jersey,2018,619340.2,64198.0,56782.0,111.019,5550061.0
New Jersey,2019,643317.7,67518.0,58774.0,111.188,5571281.0
New Jersey,2020,632562.3,70444.0,60953.0,110.722,5319882.0
New Jersey,2021,693733.8,76307.0,64279.0,109.157,5585243.0
New Jersey,2022,756465.6,77443.0,61405.0,108.759,5874321.0
New Jersey,2023,806894.0,81584.0,62191.0,108.941,6055271.0
New Jersey,2024,846000.4,84893.0,63142.0,108.805,6069474.0
New Mexico,2008,84339.7,33552.0,39595.0,95.11,1105330.0
New Mexico,2009,82641.3,32901.0,38606.0,95.959,1071898.0
New Mexico,2010,84862.6,33658.0,39400.0,94.51,1059918.0
New Mexico,2011,87056.0,35069.0,38980.0,97.078,1064201.0
New Mexico,2012,87681.0,35694.0,39192.0,96.47,1067145.0
New Mexico,2013,88773.3,34857.0,38127.0,95.574,1075551.0
New Mexico,2014,92523.4,36880.0,39825.0,95.471,1083585.0
New Mexico,2015,90779.4,37752.0,40741.0,95.396,1092272.0
New Mexico,2016,90476.0,38474.0,41530.0,94.46,1092375.0
New Mexico,2017,93210.1,39196.0,41044.0,95.721,1095489.0
New Mexico,2018,98838.2,40976.0,43899.0,91.656,1110587.0
New Mexico,2019,103821.0,43223.0,45000.0,92.969,1116429.0
New Mexico,2020,101035.5,46556.0,48584.0,91.805,1068905.0
New Mexico,2021,113781.7,50854.0,52110.0,89.735,1091131.0
New Mexico,2022,129469.1,53116.0,50375.0,90.929,1131162.0
New Mexico,2023,138526.0,55457.0,50620.0,90.981,1168737.0
New Mexico,2024,147084.9,58249.0,51121.0,92.212,1183348.0
New York,2008,1107860.2,47909.0,48288.0,111.358,11197859.0
New York,2009,1155492.3,46936.0,47614.0,110.997,10984512.0
New York,2010,1217748.0,48578.0,48971.0,109.744,11005904.0
New York,2011,1245769.4,50772.0,49428.0,110.838,11294271.0
New York,2012,1324471.3,52625.0,50848.0,109.623,11433058.0
New York,2013,1364632.9,52874.0,50375.0,109.724,11619011.0
New York,2014,1434606.3,54496.0,51614.0,108.853,11865761.0
New York,2015,1498474.7,56608.0,53180.0,109.583,12099197.0
New York,2016,1556830.0,58400.0,54091.0,110.086,12259166.0
New York,2017,1624800.7,62206.0,56690.0,109.988,12391361.0
New York,2018,1710665.6,64229.0,57594.0,109.507,12655123.0
New York,2019,1787470.9,66460.0,58786.0,109.426,12745397.0
New York,2020,1782502.4,70412.0,61253.0,110.13,11871200.0
New York,2021,1934524.0,76360.0,64085.0,109.564,12226675.0
New York,2022,2071075.2,77461.0,62106.0,107.557,12796836.0
New York,2023,2182549.0,81932.0,63093.0,107.842,13181774.0
New York,2024,2322138.9,85552.0,64153.0,107.921,13312196.0
North Carolina,2008,420707.2,37772.0,45858.0,92.449,5413522.0
North Carolina,2009,413096.8,35921.0,44321.0,91.262,5215727.0
North Carolina,2010,422282.2,35848.0,42691.0,92.899,5178397.0
North Carolina,2011,430040.1,36822.0,42462.0,93.572,5292804.0
North Carolina,2012,444063.2,38876.0,44038.0,93.509,5356134.0
North Carolina,2013,460946.4,38074.0,42463.0,93.732,5436745.0
North Carolina,2014,482295.7,39880.0,43820.0,93.826,5568600.0
North Carolina,2015,508672.4,41632.0,45796.0,93.588,5694917.0
North Carolina,2016,528284.3,42596.0,46302.0,93.801,5825267.0
North Carolina,2017,546810.1,44219.0,47646.0,93.025,5919022.0
North Carolina,2018,568037.3,46048.0,48676.0,92.894,6055657.0
North Carolina,2019,592449.6,48374.0,50966.0,91.866,6148775.0
North Carolina,2020,600226.9,51816.0,54346.0,91.345,6054497.0
North Carolina,2021,660804.7,57233.0,56146.0,93.734,6317579.0
North Carolina,2022,729761.9,59092.0,54204.0,94.013,6572997.0
North Carolina,2023,794838.0,62233.0,54748.0,94.399,6762704.0
North Carolina,2024,844209.0,65634.0,56310.0,94.326,6844808.0
North Dakota,2008,32027.7,40973.0,53542.0,85.891,491887.0
North Dakota,2009,32310.4,40186.0,51506.0,87.852,492409.0
North Dakota,2010,35651.8,44081.0,54744.0,89.083,503803.0
North Dakota,2011,41602.1,48873.0,58891.0,89.549,529778.0
North Dakota,2012,52079.1,56056.0,64541.0,91.997,567381.0
North Dakota,2013,54877.0,54337.0,61592.0,92.225,586758.0
North Dakota,2014,61108.3,56647.0,63171.0,92.45,607113.0
North Dakota,2015,56952.2,52972.0,59886.0,91.063,597638.0
North Dakota,2016,52666.3,51298.0,57110.0,91.588,576701.0
North Dakota,2017,56530.2,51830.0,58594.0,88.664,573077.0
North Dakota,2018,60377.1,55173.0,59425.0,91.168,578397.0
North Dakota,2019,60892.5,56657.0,58846.0,93.191,581324.0
North Dakota,2020,56321.4,60447.0,63073.0,91.816,560316.0
North Dakota,2021,64830.0,66158.0,66878.0,90.962,567429.0
North Dakota,2022,75052.1,71011.0,69036.0,88.703,581410.0
North Dakota,2023,77898.1,71545.0,67383.0,88.174,597884.0
North Dakota,2024,80058.3,71749.0,65271.0,88.959,604751.0
Ohio,2008,500916.4,36654.0,44461.0,92.531,6725207.0
Ohio,2009,484407.1,35593.0,42867.0,93.493,6454988.0
Ohio,2010,500274.2,36580.0,43467.0,93.105,6418141.0
Ohio,2011,525456.4,38927.0,45562.0,92.191,6521630.0
Ohio,2012,543035.4,40279.0,45869.0,93.014,6605925.0
Ohio,2013,566419.9,40752.0,45680.0,93.26,6681685.0
Ohio,2014,597152.3,42277.0,46857.0,93.019,6771706.0
Ohio,2015,615275.5,43799.0,48895.0,92.218,6862150.0
Ohio,2016,627294.7,44574.0,49223.0,92.333,6931328.0
Ohio,2017,652187.5,46114.0,50280.0,91.931,6987847.0
Ohio,2018,672540.1,47821.0,50500.0,92.985,7067380.0
Ohio,2019,702914.8,49395.0,51249.0,93.289,7071408.0
Ohio,2020,692938.3,52850.0,55074.0,91.935,6853292.0
Ohio,2021,764161.4,57508.0,57339.0,92.223,7048052.0
Ohio,2022,830498.8,58236.0,54882.0,91.506,7216118.0
Ohio,2023,883957.1,61740.0,55789.0,91.903,7368050.0
Ohio,2024,923140.6,64464.0,56232.0,92.774,7434117.0
Oklahoma,2008,161609.0,39154.0,49081.0,89.536,2186721.0
Oklahoma,2009,147332.4,35835.0,45616.0,88.457,2136754.0
Oklahoma,2010,155267.5,37157.0,45393.0,90.562,2130312.0
Oklahoma,2011,167207.9,39694.0,47102.0,90.935,2159073.0
Oklahoma,2012,175361.2,41905.0,48653.0,91.232,2211969.0
Oklahoma,2013,184104.6,43607.0,49806.0,91.527,2249096.0
Oklahoma,2014,197074.1,45884.0,51516.0,91.825,2273648.0
Oklahoma,2015,187364.7,44279.0,49890.0,91.369,2287838.0
Oklahoma,2016,182238.8,42053.0,46855.0,91.514,2287131.0
Oklahoma,2017,192538.6,43873.0,48389.0,90.881,2291944.0
Oklahoma,2018,204193.9,46030.0,50420.0,89.646,2312261.0
Oklahoma,2019,205992.7,48177.0,52199.0,89.332,2309379.0
Oklahoma,2020,192222.0,49991.0,53434.0,89.63,2265447.0
Oklahoma,2021,219132.4,54581.0,55838.0,89.883,2311367.0
Oklahoma,2022,247541.5,57916.0,56239.0,88.807,2380642.0
Oklahoma,2023,255933.2,60853.0,56986.0,88.68,2450387.0
Oklahoma,2024,263695.1,63708.0,58692.0,87.843,2474908.0
Oregon,2008,164122.9,36856.0,42296.0,97.802,2288774.0
Oregon,2009,159330.4,35286.0,39625.0,100.273,2189199.0
Oregon,2010,163150.5,35941.0,39990.0,99.43,2174333.0
Oregon,2011,169693.8,37531.0,40584.0,99.789,2201553.0
Oregon,2012,173856.8,39128.0,40984.0,101.125,2219981.0
Oregon,2013,178975.4,39462.0,41181.0,100.175,2260337.0
Oregon,2014,187837.6,41654.0,43053.0,99.745,2323439.0
Oregon,2015,200592.6,44166.0,44964.0,101.119,2391179.0
Oregon,2016,211782.4,45467.0,46550.0,99.593,2450390.0
Oregon,2017,225534.5,47566.0,46985.0,101.474,2515986.0
Oregon,2018,238466.9,50209.0,47109.0,104.657,2570069.0
Oregon,2019,248781.8,52190.0,48660.0,103.811,2579015.0
Oregon,2020,250660.6,56659.0,52577.0,103.243,2493913.0
Oregon,2021,276367.7,62653.0,55852.0,103.15,2558974.0
Oregon,2022,297084.3,63669.0,51501.0,106.612,2618298.0
Oregon,2023,314895.0,67467.0,53455.0,104.812,2683848.0
Oregon,2024,330250.1,70823.0,55451.0,103.361,2707024.0
Pennsylvania,2008,586886.6,41467.0,46939.0,99.153,7278574.0
Pennsylvania,2009,581219.9,40446.0,45776.0,99.488,7101513.0
Pennsylvania,2010,604629.6,42097.0,47072.0,98.94,7119718.0
Pennsylvania,2011,623767.9,44119.0,48362.0,98.437,7217043.0
Pennsylvania,2012,646434.3,45637.0,49325.0,98.003,7284595.0
Pennsylvania,2013,670767.4,45902.0,49047.0,97.836,7350212.0
Pennsylvania,2014,695546.6,47467.0,50343.0,97.207,7434632.0
Pennsylvania,2015,716534.3,49291.0,51702.0,98.147,7510339.0
Pennsylvania,2016,733165.9,50572.0,52744.0,97.767,7593722.0
Pennsylvania,2017,754318.0,51886.0,52479.0,99.102,7662469.0
Pennsylvania,2018,780620.7,54468.0,54492.0,98.151,7763488.0
Pennsylvania,2019,802233.1,56139.0,55458.0,97.979,7772024.0
Pennsylvania,2020,778297.2,60279.0,59098.0,97.717,7412858.0
Pennsylvania,2021,844875.5,64008.0,61217.0,96.145,7648662.0
Pennsylvania,2022,916861.7,65078.0,58304.0,96.256,7903549.0
Pennsylvania,2023,966444.0,68057.0,58027.0,97.4,8080499.0
Pennsylvania,2024,1007873.9,70678.0,58620.0,97.572,8146346.0
Rhode Island,2008,47138.9,41487.0,44945.0,103.603,608884.0
Rhode Island,2009,47647.2,40588.0,43972.0,103.935,588270.0
Rhode Island,2010,49409.1,42630.0,46328.0,101.802,586329.0
Rhode Island,2011,50123.7,44095.0,47058.0,101.111,591668.0
Rhode Island,2012,51527.5,45298.0,48058.0,99.842,592954.0
Rhode Island,2013,52994.2,45104.0,46478.0,101.446,602374.0
Rhode Island,2014,54612.5,46630.0,47949.0,100.26,613103.0
Rhode Island,2015,56604.0,48049.0,48489.0,102.014,626983.0
Rhode Island,2016,57714.6,48515.0,48694.0,101.59,633419.0
Rhode Island,2017,58771.6,50414.0,49346.0,102.403,638851.0
Rhode Island,2018,60064.9,52132.0,50171.0,102.033,648727.0
Rhode Island,2019,62814.7,55123.0,52109.0,102.39,650999.0
Rhode Island,2020,61980.9,59275.0,55800.0,101.771,615729.0
Rhode Island,2021,67060.0,63108.0,56786.0,102.19,640196.0
Rhode Island,2022,71978.2,64466.0,53223.0,104.453,665718.0
Rhode Island,2023,76313.5,67769.0,55140.0,102.065,682890.0
Rhode Island,2024,80381.1,70622.0,55878.0,102.28,688383.0
South Carolina,2008,164471.2,33110.0,40414.0,91.953,2472467.0
South Carolina,2009,162380.4,31973.0,39564.0,90.998,2367944.0
South Carolina,2010,166767.4,32749.0,39099.0,92.664,2357679.0
South Carolina,2011,172844.7,34406.0,39842.0,93.183,2427453.0
South Carolina,2012,178503.9,35807.0,40612.0,93.392,2453323.0
South Carolina,2013,186268.3,35923.0,40250.0,93.299,2500985.0
South Carolina,2014,195744.4,37755.0,41750.0,93.231,2564027.0
South Carolina,2015,207510.0,39598.0,43683.0,93.32,2636275.0
South Carolina,2016,217555.5,40752.0,44377.0,93.636,2700187.0
South Carolina,2017,224937.6,42385.0,45761.0,92.84,2759183.0
South Carolina,2018,236561.7,43817.0,46643.0,92.244,2843694.0
South Carolina,2019,249575.7,46150.0,48823.0,91.49,2882128.0
South Carolina,2020,248952.7,48760.0,51406.0,90.873,2824833.0
South Carolina,2021,272464.9,53390.0,52444.0,93.61,2937464.0
South Carolina,2022,305070.0,54561.0,50407.0,93.342,3056434.0
South Carolina,2023,332946.8,57766.0,51320.0,93.477,3163255.0
South Carolina,2024,357074.4,60776.0,52463.0,93.749,3205971.0
South Dakota,2008,36939.3,40891.0,53983.0,85.018,561052.0
South Dakota,2009,36732.1,39435.0,51597.0,86.061,556495.0
South Dakota,2010,38208.2,41275.0,51419.0,88.807,558161.0
South Dakota,2011,42082.7,44532.0,55061.0,87.272,566491.0
South Dakota,2012,44127.3,44996.0,52760.0,90.336,574997.0
South Dakota,2013,45498.6,44988.0,52150.0,90.181,581234.0
South Dakota,2014,47159.9,46732.0,53918.0,89.357,589348.0
South Dakota,2015,48678.9,48308.0,56644.0,87.799,592644.0
South Dakota,2016,49842.6,48284.0,56407.0,87.282,597263.0
South Dakota,2017,51615.1,49408.0,56779.0,87.223,601254.0
South Dakota,2018,53349.5,51579.0,55531.0,91.206,610179.0
South Dakota,2019,55175.8,54408.0,57354.0,91.818,610159.0
South Dakota,2020,56847.3,59586.0,62511.0,91.32,606045.0
South Dakota,2021,63337.7,67174.0,68551.0,90.105,624996.0
South Dakota,2022,69425.6,69752.0,68469.0,87.851,641124.0
South Dakota,2023,74458.8,74155.0,69861.0,88.149,657822.0
South Dakota,2024,76795.8,75699.0,69153.0,88.586,662833.0
Tennessee,2008,255546.7,34954.0,42784.0,91.697,3677116.0
Tennessee,2009,252940.7,34427.0,42836.0,90.495,3523871.0
Tennessee,2010,258657.6,35809.0,42895.0,92.356,3515815.0
Tennessee,2011,270055.0,37696.0,43790.0,92.89,3589026.0
Tennessee,2012,285897.5,39079.0,44317.0,93.405,3635172.0
Tennessee,2013,296756.3,39099.0,43952.0,92.994,3689682.0
Tennessee,2014,307448.5,40225.0,44696.0,92.785,3772755.0
Tennessee,2015,326382.5,41937.0,46517.0,92.812,3859498.0
Tennessee,2016,339350.2,42938.0,46670.0,93.81,3951859.0
Tennessee,2017,355417.5,44407.0,47841.0,93.04,4033011.0
Tennessee,2018,369713.2,46449.0,50876.0,89.649,4120203.0
Tennessee,2019,385833.0,48903.0,51865.0,91.262,4168023.0
Tennessee,2020,391588.6,51977.0,55023.0,90.502,4119603.0
Tennessee,2021,443419.7,57715.0,58589.0,90.58,4298445.0
Tennessee,2022,490587.0,59107.0,55524.0,91.8,4488030.0
Tennessee,2023,531246.8,63479.0,57242.0,92.094,4625521.0
Tennessee,2024,561201.2,66504.0,58582.0,91.87,4666592.0
Texas,2008,1253142.0,39841.0,46068.0,97.068,14365985.0
Texas,2009,1179168.1,37234.0,43349.0,96.717,14202860.0
Texas,2010,1255660.8,38911.0,44078.0,97.665,14262584.0
Texas,2011,1351776.9,41941.0,46663.0,96.986,14681517.0
Texas,2012,1429588.0,43869.0,47554.0,97.714,15095946.0
Texas,2013,1526781.9,44403.0,47301.0,98.134,15532152.0
Texas,2014,1592177.6,46747.0,48959.0,98.437,16001898.0
Texas,2015,1585985.9,46767.0,48983.0,98.291,16414554.0
Texas,2016,1582981.5,45868.0,47686.0,98.078,16683280.0
Texas,2017,1667313.0,48524.0,49918.0,97.435,17104407.0
Texas,2018,1808026.9,51346.0,51551.0,97.805,17608884.0
Texas,2019,1864872.3,53271.0,52343.0,98.507,17899918.0
Texas,2020,1810670.2,54822.0,53181.0,98.759,17697402.0
Texas,2021,2117013.7,60400.0,56442.0,98.402,18551726.0
Texas,2022,2476903.2,63767.0,56452.0,97.411,19481545.0
Texas,2023,2637237.6,67503.0,57708.0,97.14,20279609.0
Texas,2024,2769766.2,69823.0,58219.0,97.057,20460749.0
Utah,2008,116949.2,33784.0,39100.0,96.978,1688135.0
Utah,2009,113834.8,31796.0,35790.0,100.037,1633986.0
Utah,2010,118296.3,32037.0,36430.0,97.291,1620793.0
Utah,2011,125137.8,34015.0,36773.0,99.813,1664413.0
Utah,2012,129431.4,35622.0,37956.0,99.412,1706044.0
Utah,2013,135344.3,36102.0,38281.0,98.587,1753374.0
Utah,2014,142627.7,37621.0,39603.0,97.937,1803933.0
Utah,2015,149762.1,39881.0,42051.0,97.636,1865934.0
Utah,2016,159330.6,41295.0,43368.0,97.091,1933131.0
Utah,2017,172075.0,43030.0,43690.0,98.721,1995267.0
Utah,2018,186805.7,45463.0,46494.0,96.018,2069738.0
Utah,2019,201312.2,48163.0,47937.0,97.246,2102960.0
Utah,2020,206240.5,51762.0,52058.0,95.259,2135836.0
Utah,2021,233320.9,58328.0,56766.0,94.481,2249689.0
Utah,2022,261548.5,60765.0,55399.0,94.59,2339378.0
Utah,2023,283230.8,64544.0,55999.0,95.716,2414466.0
Utah,2024,299471.3,67333.0,55116.0,98.864,2433434.0
Vermont,2008,26140.4,40774.0,45453.0,100.686,424280.0
Vermont,2009,26220.0,40358.0,44810.0,101.415,414213.0
Vermont,2010,27478.3,41491.0,46190.0,99.379,413335.0
Vermont,2011,28558.5,43754.0,47638.0,99.109,416949.0
Vermont,2012,29325.6,44858.0,47524.0,99.981,421870.0
Vermont,2013,29477.6,45296.0,47151.0,100.424,424997.0
Vermont,2014,30359.4,46894.0,49364.0,97.937,429010.0
Vermont,2015,31152.4,48117.0,49521.0,100.029,432560.0
Vermont,2016,31840.2,48827.0,50686.0,98.224,433791.0
Vermont,2017,32589.2,50009.0,49958.0,100.337,435861.0
Vermont,2018,33482.6,51691.0,50654.0,100.204,437661.0
Vermont,2019,34760.3,54278.0,52744.0,99.604,433446.0
Vermont,2020,34572.3,58156.0,54552.0,102.132,409231.0
Vermont,2021,37290.8,61113.0,56938.0,98.694,421139.0
Vermont,2022,41211.2,63777.0,54437.0,101.033,431273.0
Vermont,2023,43931.6,67918.0,58061.0,97.142,440495.0
Vermont,2024,46276.1,71287.0,58893.0,97.958,444869.0
Virginia,2008,402157.8,45383.0,49355.0,103.204,4870374.0
Virginia,2009,409935.3,44091.0,48471.0,102.426,4758069.0
Virginia,2010,425490.8,45442.0,48469.0,103.724,4743177.0
Virginia,2011,433683.7,47563.0,49623.0,103.425,4802651.0
Virginia,2012,445008.5,49049.0,50690.0,102.494,4856833.0
Virginia,2013,456911.6,48195.0,48667.0,103.523,4898617.0
Virginia,2014,465601.7,49760.0,49588.0,103.454,4953436.0
Virginia,2015,485540.9,51617.0,51307.0,103.57,5060270.0
Virginia,2016,499032.4,52656.0,52239.0,102.777,5156659.0
Virginia,2017,515167.2,54377.0,53847.0,101.222,5229126.0
Virginia,2018,537158.3,56130.0,54059.0,101.957,5299069.0
Virginia,2019,561701.8,58362.0,56459.0,100.053,5329257.0
Virginia,2020,566101.5,61449.0,58286.0,101.003,5224978.0
Virginia,2021,616187.9,67223.0,60423.0,102.3,5392125.0
Virginia,2022,665624.7,69562.0,58797.0,102.026,5540662.0
Virginia,2023,722767.4,73890.0,60556.0,101.331,5716975.0
Virginia,2024,761733.8,77351.0,61914.0,101.104,5773598.0
Washington,2008,352460.7,44098.0,47369.0,104.488,3954871.0
Washington,2009,349945.4,41679.0,44854.0,104.631,3815623.0
Washington,2010,363544.2,42327.0,45578.0,102.741,3771422.0
Washington,2011,377518.8,44279.0,46278.0,103.244,3814269.0
Washington,2012,398358.5,47053.0,48605.0,102.541,3909118.0
Washington,2013,416924.1,47448.0,48400.0,102.482,3991747.0
Washington,2014,439851.2,50259.0,49860.0,103.92,4094370.0
Washington,2015,467590.6,52408.0,51679.0,104.4,4199164.0
Washington,2016,489790.2,54296.0,52446.0,105.56,4313722.0
Washington,2017,527169.4,56800.0,53192.0,107.035,4432271.0
Washington,2018,570337.8,59824.0,54837.0,107.124,4537842.0
Washington,2019,608643.4,63431.0,56862.0,107.971,4591912.0
Washington,2020,617739.1,67665.0,60102.0,107.859,4435243.0
Washington,2021,683367.0,73949.0,62496.0,108.804,4574704.0
Washington,2022,741002.8,76049.0,59601.0,110.035,4755477.0
Washington,2023,801455.5,81087.0,62138.0,108.37,4868377.0
Washington,2024,856013.6,85187.0,64421.0,107.013,4904120.0
West Virginia,2008,62978.7,31494.0,40336.0,87.636,918376.0
West Virginia,2009,64040.1,31653.0,41131.0,86.654,899067.0
West Virginia,2010,66160.4,32642.0,40618.0,88.909,899510.0
West Virginia,2011,69367.6,34490.0,41679.0,89.295,909060.0
West Virginia,2012,70303.1,35233.0,41787.0,89.312,918958.0
West Virginia,2013,71758.6,35093.0,40650.0,90.246,914247.0
West Virginia,2014,73042.6,36243.0,41580.0,89.864,911678.0
West Virginia,2015,71713.4,37068.0,42140.0,90.557,904270.0
West Virginia,2016,71248.9,37075.0,42095.0,89.805,890209.0
West Virginia,2017,75172.4,38841.0,43761.0,88.966,888822.0
West Virginia,2018,79794.3,41001.0,45029.0,89.411,898085.0
West Virginia,2019,80242.4,42615.0,46597.0,88.518,881641.0
West Virginia,2020,77536.5,44897.0,49252.0,87.334,840998.0
West Virginia,2021,87178.8,48903.0,49425.0,90.981,864560.0
West Virginia,2022,98824.1,50160.0,48517.0,89.157,885183.0
West Virginia,2023,101479.9,52963.0,49071.0,89.633,904532.0
West Virginia,2024,106475.1,55351.0,50051.0,89.497,914033.0
Wisconsin,2008,246493.0,38857.0,46816.0,93.159,3572816.0
Wisconsin,2009,246323.8,38138.0,45628.0,94.116,3444538.0
Wisconsin,2010,256159.5,39048.0,45606.0,94.723,3426369.0
Wisconsin,2011,265444.0,41067.0,47272.0,93.742,3474372.0
Wisconsin,2012,276253.4,42639.0,47889.0,94.312,3499342.0
Wisconsin,2013,283791.4,42685.0,47526.0,93.89,3539199.0
Wisconsin,2014,296169.9,44156.0,48532.0,93.799,3585944.0
Wisconsin,2015,308304.5,45928.0,50684.0,93.287,3624473.0
Wisconsin,2016,315420.0,46595.0,50991.0,93.173,3657732.0
Wisconsin,2017,321886.8,48311.0,51773.0,93.531,3678859.0
Wisconsin,2018,335144.3,50520.0,52759.0,94.028,3721096.0
Wisconsin,2019,346906.6,52370.0,53652.0,94.476,3717587.0
Wisconsin,2020,344691.0,55499.0,57378.0,92.666,3581288.0
Wisconsin,2021,368997.3,60699.0,59816.0,93.309,3682367.0
Wisconsin,2022,403570.3,61831.0,57706.0,92.401,3767253.0
Wisconsin,2023,431913.9,64872.0,57791.0,93.22,3841837.0
Wisconsin,2024,453298.6,67755.0,58273.0,94.095,3867941.0
Wyoming,2008,42694.6,49451.0,58246.0,95.291,398989.0
Wyoming,2009,36282.2,44499.0,51860.0,96.618,387490.0
Wyoming,2010,37567.5,46395.0,53762.0,95.473,385075.0
Wyoming,2011,39615.1,50631.0,55967.0,97.618,390340.0
Wyoming,2012,38679.3,53597.0,58974.0,96.265,396724.0
Wyoming,2013,39365.6,52835.0,56738.0,97.347,400510.0
Wyoming,2014,40573.9,56251.0,59538.0,97.404,406401.0
Wyoming,2015,38624.8,56120.0,59598.0,96.941,406045.0
Wyoming,2016,36105.9,53419.0,55723.0,97.747,398144.0
Wyoming,2017,37620.3,56378.0,58171.0,97.146,398968.0
Wyoming,2018,39614.5,59197.0,62928.0,92.372,404591.0
Wyoming,2019,40029.5,61853.0,63616.0,94.107,407870.0
Wyoming,2020,36982.7,65093.0,67906.0,91.836,401439.0
Wyoming,2021,42410.6,71459.0,71860.0,91.44,419797.0
Wyoming,2022,49570.4,77768.0,73081.0,91.767,430968.0
Wyoming,2023,51350.1,83038.0,75323.0,91.551,449620.0
Wyoming,2024,51498.1,86477.0,75501.0,92.691,447255.0
