State,Year,GDP
Alabama,1997,105381400000.0
Alabama,1998,110838800000.0
Alabama,1999,116514300000.0
Alabama,2000,120522600000.0
Alabama,2001,123534500000.0
Alabama,2002,128380900000.0
Alabama,2003,135212600000.0
Alabama,2004,148379100000.0
Alabama,2005,158677300000.0
Alabama,2006,166048200000.0
Alabama,2007,172247000000.0
Alabama,2008,174665600000.0
Alabama,2009,170876500000.0
Alabama,2010,177510700000.0
Alabama,2011,182896700000.0
Alabama,2012,188280700000.0
Alabama,2013,193981500000.0
Alabama,2014,197064400000.0
Alabama,2015,203113300000.0
Alabama,2016,208824300000.0
Alabama,2017,216615500000.0
Alabama,2018,226263800000.0
Alabama,2019,234798200000.0
Alabama,2020,235859000000.0
Alabama,2021,260325000000.0
Alabama,2022,286873300000.0
Alabama,2023,309543800000.0
Alabama,2024,325345100000.0
Alaska,1997,25859100000.0
Alaska,1998,24387800000.0
Alaska,1999,24920400000.0
Alaska,2000,26934000000.0
Alaska,2001,28660900000.0
Alaska,2002,29884500000.0
Alaska,2003,32115800000.0
Alaska,2004,35389500000.0
Alaska,2005,40459900000.0
Alaska,2006,44951700000.0
Alaska,2007,49456400000.0
Alaska,2008,55246700000.0
Alaska,2009,50165900000.0
Alaska,2010,53654000000.0
Alaska,2011,56912300000.0
Alaska,2012,58320700000.0
Alaska,2013,57533000000.0
Alaska,2014,56587400000.0
Alaska,2015,51574200000.0
Alaska,2016,51121800000.0
Alaska,2017,53550900000.0
Alaska,2018,54762000000.0
Alaska,2019,54549600000.0
Alaska,2020,51861700000.0
Alaska,2021,59363000000.0
Alaska,2022,65682500000.0
Alaska,2023,68232700000.0
Alaska,2024,71567200000.0
Arizona,1997,132694799999.99998
Arizona,1998,144393200000.0
Arizona,1999,156442100000.0
Arizona,2000,165735600000.0
Arizona,2001,172899600000.0
Arizona,2002,180844500000.0
Arizona,2003,194318000000.0
Arizona,2004,207246300000.0
Arizona,2005,227997800000.0
Arizona,2006,246061100000.0
Arizona,2007,261152800000.0
Arizona,2008,261005800000.0
Arizona,2009,244862200000.0
Arizona,2010,250527000000.0
Arizona,2011,261691400000.0
Arizona,2012,272703300000.0
Arizona,2013,278679500000.0
Arizona,2014,286676000000.0
Arizona,2015,298942200000.0
Arizona,2016,313787100000.0
Arizona,2017,333099000000.0
Arizona,2018,353671000000.0
Arizona,2019,375376700000.0
Arizona,2020,390503200000.0
Arizona,2021,438136000000.0
Arizona,2022,488722200000.0
Arizona,2023,530105000000.0
Arizona,2024,570088600000.0
Arkansas,1997,59925000000.0
Arkansas,1998,62852000000.0
Arkansas,1999,67279000000.0
Arkansas,2000,69176300000.0
Arkansas,2001,71099600000.0
Arkansas,2002,74453100000.0
Arkansas,2003,79009700000.0
Arkansas,2004,85928600000.0
Arkansas,2005,91133400000.0
Arkansas,2006,96073700000.0
Arkansas,2007,98325000000.0
Arkansas,2008,100206700000.0
Arkansas,2009,97783900000.0
Arkansas,2010,101699300000.0
Arkansas,2011,105697600000.0
Arkansas,2012,108836000000.0
Arkansas,2013,114021100000.0
Arkansas,2014,117388700000.0
Arkansas,2015,118573600000.0
Arkansas,2016,120987400000.0
Arkansas,2017,123882600000.0
Arkansas,2018,129213800000.0
Arkansas,2019,132625799999.99998
Arkansas,2020,136145900000.0
Arkansas,2021,154261800000.0
Arkansas,2022,167863500000.0
Arkansas,2023,178114800000.0
Arkansas,2024,188339600000.0
California,1997,1068048600000.0001
California,1998,1143672500000.0
California,1999,1239773500000.0
California,2000,1354791300000.0
California,2001,1373270800000.0
California,2002,1419321800000.0
California,2003,1498578000000.0
California,2004,1585081400000.0
California,2005,1698858400000.0
California,2006,1812161600000.0
California,2007,1900220400000.0
California,2008,1946241500000.0
California,2009,1879809500000.0
California,2010,1938603300000.0
California,2011,2014050300000.0
California,2012,2108873100000.0
California,2013,2223300900000.0
California,2014,2342218800000.0
California,2015,2487156400000.0
California,2016,2586485200000.0
California,2017,2740550300000.0
California,2018,2899530900000.0
California,2019,3068629700000.0
California,2020,3072927600000.0
California,2021,3418256100000.0
California,2022,3618289700000.0
California,2023,3827007300000.0
California,2024,4048108100000.0
Colorado,1997,136624400000.0
Colorado,1998,149653700000.0
Colorado,1999,162411700000.0
Colorado,2000,179303300000.0
Colorado,2001,185848900000.0
Colorado,2002,189604600000.0
Colorado,2003,195137600000.0
Colorado,2004,203743300000.0
Colorado,2005,220803800000.0
Colorado,2006,232853600000.0
Colorado,2007,248571600000.0
Colorado,2008,257606100000.0
Colorado,2009,249817100000.0
Colorado,2010,256771800000.0
Colorado,2011,266114099999.99997
Colorado,2012,274738800000.0
Colorado,2013,291265300000.0
Colorado,2014,309223900000.0
Colorado,2015,320895900000.0
Colorado,2016,330565900000.0
Colorado,2017,350209100000.0
Colorado,2018,373923100000.0
Colorado,2019,397843600000.0
Colorado,2020,396981100000.0
Colorado,2021,445781300000.0
Colorado,2022,499197400000.0
Colorado,2023,533268600000.0
Colorado,2024,557633000000.0
Connecticut,1997,138467000000.0
Connecticut,1998,145299200000.0
Connecticut,1999,152093700000.0
Connecticut,2000,165523400000.0
Connecticut,2001,171124400000.0
Connecticut,2002,172929700000.0
Connecticut,2003,177814800000.0
Connecticut,2004,194722900000.0
Connecticut,2005,204504600000.0
Connecticut,2006,219812200000.0
Connecticut,2007,232626800000.0
Connecticut,2008,236110700000.0
Connecticut,2009,231628000000.0
Connecticut,2010,234022200000.0
Connecticut,2011,233058700000.0
Connecticut,2012,239907500000.0
Connecticut,2013,240549200000.0
Connecticut,2014,247114700000.0
Connecticut,2015,260648500000.0
Connecticut,2016,264760400000.00003
Connecticut,2017,273875099999.99997
Connecticut,2018,280535400000.0
Connecticut,2019,286451900000.0
Connecticut,2020,278747900000.0
Connecticut,2021,297366000000.0
Connecticut,2022,321625200000.0
Connecticut,2023,341851800000.0
Connecticut,2024,356834900000.0
Delaware,1997,33302199999.999996
Delaware,1998,37170600000.0
Delaware,1999,40446500000.0
Delaware,2000,43559600000.0
Delaware,2001,46373800000.0
Delaware,2002,45865400000.0
Delaware,2003,47839600000.0
Delaware,2004,51674100000.0
Delaware,2005,52048600000.0
Delaware,2006,55567700000.0
Delaware,2007,56705600000.0
Delaware,2008,55250800000.0
Delaware,2009,57729900000.0
Delaware,2010,58132200000.0
Delaware,2011,61379400000.0
Delaware,2012,62342100000.0
Delaware,2013,62058200000.0
Delaware,2014,68606000000.0
Delaware,2015,72352500000.0
Delaware,2016,70021500000.0
Delaware,2017,69555600000.0
Delaware,2018,73376000000.0
Delaware,2019,78710500000.0
Delaware,2020,77757200000.0
Delaware,2021,83554700000.0
Delaware,2022,97030400000.0
Delaware,2023,103332500000.0
Delaware,2024,110971800000.0
District of Columbia,1997,52581600000.0
District of Columbia,1998,54877400000.0
District of Columbia,1999,58948800000.0
District of Columbia,2000,61267700000.0
District of Columbia,2001,65620000000.0
District of Columbia,2002,70078000000.0
District of Columbia,2003,74047000000.0
District of Columbia,2004,80600700000.0
District of Columbia,2005,85414500000.0
District of Columbia,2006,88350900000.0
District of Columbia,2007,94013800000.0
District of Columbia,2008,99240400000.0
District of Columbia,2009,100430100000.0
District of Columbia,2010,106128600000.0
District of Columbia,2011,109953900000.0
District of Columbia,2012,112512700000.0
District of Columbia,2013,114832700000.0
District of Columbia,2014,119998000000.0
District of Columbia,2015,124753600000.0
District of Columbia,2016,129933500000.0
District of Columbia,2017,134298799999.99998
District of Columbia,2018,141240200000.0
District of Columbia,2019,145071400000.0
District of Columbia,2020,146854600000.0
District of Columbia,2021,156581300000.0
District of Columbia,2022,165106200000.0
District of Columbia,2023,174250700000.0
District of Columbia,2024,184297700000.0
Florida,1997,401744200000.0
Florida,1998,428595600000.0
Florida,1999,457607000000.0
Florida,2000,490094400000.0
Florida,2001,519140700000.0
Florida,2002,553359900000.0
Florida,2003,590284800000.0
Florida,2004,647041800000.0
Florida,2005,704890300000.0
Florida,2006,749925000000.0
Florida,2007,781947300000.0
Florida,2008,767357800000.0
Florida,2009,739322400000.0
Florida,2010,752998400000.0
Florida,2011,761043100000.0
Florida,2012,784545900000.0
Florida,2013,819679800000.0
Florida,2014,860112600000.0
Florida,2015,918464300000.0
Florida,2016,964500800000.0
Florida,2017,1014866900000.0
Florida,2018,1072085600000.0001
Florida,2019,1133718000000.0
Florida,2020,1144653200000.0
Florida,2021,1300807800000.0
Florida,2022,1473688100000.0
Florida,2023,1624642300000.0
Florida,2024,1726709900000.0
Georgia,1997,242371900000.0
Georgia,1998,265146400000.00003
Georgia,1999,289048900000.0
Georgia,2000,305323700000.0
Georgia,2001,316872700000.0
Georgia,2002,326017900000.0
Georgia,2003,339540500000.0
Georgia,2004,364530100000.0
Georgia,2005,388707200000.0
Georgia,2006,405664200000.0
Georgia,2007,419384800000.0
Georgia,2008,416303500000.0
Georgia,2009,409876200000.0
Georgia,2010,419013100000.0
Georgia,2011,433137100000.0
Georgia,2012,449375600000.0
Georgia,2013,467559500000.0
Georgia,2014,493370300000.0
Georgia,2015,525516800000.00006
Georgia,2016,554903200000.0
Georgia,2017,583543300000.0
Georgia,2018,612803400000.0
Georgia,2019,646695800000.0
Georgia,2020,638488300000.0
Georgia,2021,706004600000.0
Georgia,2022,785922700000.0
Georgia,2023,835755300000.0
Georgia,2024,881508200000.0
Hawaii,1997,37701700000.0
Hawaii,1998,37503000000.0
Hawaii,1999,38970400000.0
Hawaii,2000,41089400000.0
Hawaii,2001,42500200000.0
Hawaii,2002,44949500000.0
Hawaii,2003,48420700000.0
Hawaii,2004,52625700000.0
Hawaii,2005,57211800000.0
Hawaii,2006,60848000000.0
Hawaii,2007,64106000000.0
Hawaii,2008,65545500000.0
Hawaii,2009,64464300000.0
Hawaii,2010,66739300000.0
Hawaii,2011,68801100000.0
Hawaii,2012,71645600000.0
Hawaii,2013,74598500000.0
Hawaii,2014,77043000000.0
Hawaii,2015,81410200000.0
Hawaii,2016,84287200000.0
Hawaii,2017,87436400000.0
Hawaii,2018,90933500000.0
Hawaii,2019,93240200000.0
Hawaii,2020,84788000000.0
Hawaii,2021,93684200000.0
Hawaii,2022,103954500000.0
Hawaii,2023,111740200000.0
Hawaii,2024,117627400000.0
Idaho,1997,29699500000.0
Idaho,1998,31352700000.0
Idaho,1999,34512800000.0
Idaho,2000,38344100000.0
Idaho,2001,37740900000.0
Idaho,2002,38990700000.0
Idaho,2003,40778600000.0
Idaho,2004,44732900000.0
Idaho,2005,48805100000.0
Idaho,2006,51099000000.0
Idaho,2007,53712400000.0
Idaho,2008,56203600000.0
Idaho,2009,54507900000.0
Idaho,2010,56086200000.0
Idaho,2011,57418200000.0
Idaho,2012,57933700000.0
Idaho,2013,61712600000.0
Idaho,2014,64501700000.0
Idaho,2015,66064899999.99999
Idaho,2016,69185200000.0
Idaho,2017,72935100000.0
Idaho,2018,79072400000.0
Idaho,2019,84429400000.0
Idaho,2020,88056800000.0
Idaho,2021,99884100000.0
Idaho,2022,112609700000.0
Idaho,2023,120588100000.0
Idaho,2024,129018200000.0
Illinois,1997,416015100000.0
Illinois,1998,436533400000.0
Illinois,1999,459971600000.0
Illinois,2000,486089700000.0
Illinois,2001,499618400000.0
Illinois,2002,511485900000.0
Illinois,2003,528577000000.0
Illinois,2004,560079800000.0
Illinois,2005,589153700000.0
Illinois,2006,624068100000.0
Illinois,2007,649307400000.0
Illinois,2008,649677300000.0
Illinois,2009,645843200000.0
Illinois,2010,663929000000.0
Illinois,2011,691805500000.0
Illinois,2012,725478000000.0
Illinois,2013,742890900000.0
Illinois,2014,772291700000.0
Illinois,2015,802592000000.0
Illinois,2016,813561600000.0
Illinois,2017,832826800000.0
Illinois,2018,871024200000.0
Illinois,2019,895601800000.0
Illinois,2020,860807800000.0
Illinois,2021,947223900000.0
Illinois,2022,1037735900000.0
Illinois,2023,1100794100000.0
Illinois,2024,1148106100000.0
Indiana,1997,170924600000.0
Indiana,1998,185336300000.0
Indiana,1999,193659900000.0
Indiana,2000,204147300000.0
Indiana,2001,205325100000.0
Indiana,2002,213419600000.0
Indiana,2003,225349300000.0
Indiana,2004,239278500000.0
Indiana,2005,247428300000.0
Indiana,2006,259030300000.0
Indiana,2007,273340800000.0
Indiana,2008,277774500000.0
Indiana,2009,264925000000.0
Indiana,2010,284685800000.0
Indiana,2011,292373800000.0
Indiana,2012,301277400000.0
Indiana,2013,313466900000.0
Indiana,2014,329360900000.0
Indiana,2015,333163800000.0
Indiana,2016,342716600000.0
Indiana,2017,357535800000.0
Indiana,2018,377376900000.0
Indiana,2019,384838700000.0
Indiana,2020,378293000000.0
Indiana,2021,425270900000.0
Indiana,2022,467679600000.0
Indiana,2023,496849500000.0
Indiana,2024,519516500000.0
Iowa,1997,82808800000.0
Iowa,1998,84629700000.0
Iowa,1999,87774300000.0
Iowa,2000,93125600000.0
Iowa,2001,94922600000.0
Iowa,2002,98669400000.0
Iowa,2003,105329700000.0
Iowa,2004,117149800000.0
Iowa,2005,122866100000.0
Iowa,2006,127670800000.0
Iowa,2007,137590200000.0
Iowa,2008,137749200000.0
Iowa,2009,137094299999.99998
Iowa,2010,142497700000.0
Iowa,2011,149026100000.0
Iowa,2012,158553100000.0
Iowa,2013,162415000000.0
Iowa,2014,173734200000.0
Iowa,2015,181471700000.0
Iowa,2016,183834800000.0
Iowa,2017,187125000000.0
Iowa,2018,193155100000.0
Iowa,2019,196262500000.0
Iowa,2020,199449600000.0
Iowa,2021,225055300000.0
Iowa,2022,244156800000.0
Iowa,2023,253166500000.0
Iowa,2024,265794500000.0
Kansas,1997,74643200000.0
Kansas,1998,78242300000.0
Kansas,1999,81609700000.0
Kansas,2000,85990500000.0
Kansas,2001,88869700000.0
Kansas,2002,91359000000.0
Kansas,2003,95236300000.0
Kansas,2004,98913700000.0
Kansas,2005,105343900000.0
Kansas,2006,113831800000.0
Kansas,2007,123608900000.0
Kansas,2008,129223200000.0
Kansas,2009,126049700000.0
Kansas,2010,129235700000.0
Kansas,2011,136747100000.0
Kansas,2012,141812100000.0
Kansas,2013,144999300000.0
Kansas,2014,150276100000.0
Kansas,2015,155699000000.0
Kansas,2016,162144500000.0
Kansas,2017,166273600000.0
Kansas,2018,173373000000.0
Kansas,2019,176068800000.0
Kansas,2020,175385600000.0
Kansas,2021,188993300000.0
Kansas,2022,213368800000.0
Kansas,2023,224851300000.0
Kansas,2024,230522100000.0
Kentucky,1997,104878100000.0
Kentucky,1998,110020100000.0
Kentucky,1999,115592700000.0
Kentucky,2000,114549600000.0
Kentucky,2001,117767900000.0
Kentucky,2002,122731200000.0
Kentucky,2003,128289600000.0
Kentucky,2004,135694500000.0
Kentucky,2005,144914900000.0
Kentucky,2006,153009800000.0
Kentucky,2007,156900000000.0
Kentucky,2008,160700200000.0
Kentucky,2009,157440100000.0
Kentucky,2010,166656300000.0
Kentucky,2011,171238100000.0
Kentucky,2012,178370600000.0
Kentucky,2013,184920600000.0
Kentucky,2014,188326400000.0
Kentucky,2015,194621200000.0
Kentucky,2016,197944800000.0
Kentucky,2017,203564000000.0
Kentucky,2018,210509100000.0
Kentucky,2019,220678800000.0
Kentucky,2020,218948600000.0
Kentucky,2021,238693700000.0
Kentucky,2022,262586599999.99997
Kentucky,2023,283267700000.0
Kentucky,2024,295375300000.0
Louisiana,1997,116423100000.0
Louisiana,1998,120228800000.0
Louisiana,1999,125667300000.0
Louisiana,2000,132375799999.99998
Louisiana,2001,138204300000.0
Louisiana,2002,140082800000.0
Louisiana,2003,155198700000.0
Louisiana,2004,170999600000.0
Louisiana,2005,199314200000.0
Louisiana,2006,207249800000.0
Louisiana,2007,203771300000.0
Louisiana,2008,213803500000.0
Louisiana,2009,206111500000.0
Louisiana,2010,226555600000.0
Louisiana,2011,230518700000.0
Louisiana,2012,235960900000.0
Louisiana,2013,231652700000.0
Louisiana,2014,240965000000.0
Louisiana,2015,234324200000.0
Louisiana,2016,227440300000.0
Louisiana,2017,239830700000.0
Louisiana,2018,256444400000.0
Louisiana,2019,257499000000.0
Louisiana,2020,233652000000.0
Louisiana,2021,273063300000.0
Louisiana,2022,304299300000.0
Louisiana,2023,318044300000.0
Louisiana,2024,329172800000.0
Maine,1997,30574200000.0
Maine,1998,32412800000.0
Maine,1999,34714700000.0
Maine,2000,37222000000.0
Maine,2001,38925700000.0
Maine,2002,40664100000.0
Maine,2003,42493400000.0
Maine,2004,45233100000.0
Maine,2005,47028100000.0
Maine,2006,48889300000.0
Maine,2007,50291300000.0
Maine,2008,51001900000.0
Maine,2009,51451200000.0
Maine,2010,52802500000.0
Maine,2011,53104500000.0
Maine,2012,54018500000.0
Maine,2013,54924800000.0
Maine,2014,56537400000.0
Maine,2015,58755800000.0
Maine,2016,61092200000.0
Maine,2017,63000600000.0
Maine,2018,66216000000.0
Maine,2019,69708700000.0
Maine,2020,72309700000.0
Maine,2021,79407600000.0
Maine,2022,86310600000.0
Maine,2023,93743800000.0
Maine,2024,99174100000.0
Maryland,1997,159167800000.0
Maryland,1998,169360100000.0
Maryland,1999,179779600000.0
Maryland,2000,191430200000.0
Maryland,2001,205276000000.0
Maryland,2002,217001400000.0
Maryland,2003,226803400000.0
Maryland,2004,243449800000.0
Maryland,2005,261795300000.0
Maryland,2006,273791000000.0
Maryland,2007,282618200000.0
Maryland,2008,292908300000.0
Maryland,2009,298282800000.0
Maryland,2010,313930500000.0
Maryland,2011,324920900000.0
Maryland,2012,331869000000.0
Maryland,2013,339895800000.0
Maryland,2014,351743100000.0
Maryland,2015,367314100000.0
Maryland,2016,386496400000.0
Maryland,2017,399714500000.0
Maryland,2018,410771800000.0
Maryland,2019,419391600000.0
Maryland,2020,413804500000.0
Maryland,2021,447714300000.0
Maryland,2022,481861400000.0
Maryland,2023,515035900000.0
Maryland,2024,546028400000.0
Massachusetts,1997,236435600000.0
Massachusetts,1998,247686800000.0
Massachusetts,1999,262868800000.0
Massachusetts,2000,287091400000.0
Massachusetts,2001,294876400000.0
Massachusetts,2002,299915800000.0
Massachusetts,2003,309736100000.0
Massachusetts,2004,324919000000.0
Massachusetts,2005,340637800000.0
Massachusetts,2006,358418300000.0
Massachusetts,2007,377985600000.0
Massachusetts,2008,387923400000.0
Massachusetts,2009,388963900000.0
Massachusetts,2010,409270000000.0
Massachusetts,2011,423684900000.0
Massachusetts,2012,441373900000.0
Massachusetts,2013,452580400000.0
Massachusetts,2014,469824900000.0
Massachusetts,2015,497767000000.0
Massachusetts,2016,514108000000.0
Massachusetts,2017,530129400000.0
Massachusetts,2018,559605000000.0
Massachusetts,2019,588069500000.0
Massachusetts,2020,592855500000.0
Massachusetts,2021,650308800000.0
Massachusetts,2022,696323100000.0
Massachusetts,2023,737867400000.0
Massachusetts,2024,778523400000.0
Michigan,1997,299832700000.0
Michigan,1998,311088200000.0
Michigan,1999,337150200000.0
Michigan,2000,351879500000.0
Michigan,2001,349127500000.0
Michigan,2002,363372100000.0
Michigan,2003,376123800000.0
Michigan,2004,388764600000.0
Michigan,2005,402828800000.0
Michigan,2006,402537300000.0
Michigan,2007,410613000000.0
Michigan,2008,391633600000.0
Michigan,2009,371707000000.0
Michigan,2010,393179600000.0
Michigan,2011,408354100000.0
Michigan,2012,426141100000.0
Michigan,2013,441470800000.0
Michigan,2014,456123500000.0
Michigan,2015,479222700000.0
Michigan,2016,494752500000.0
Michigan,2017,505101500000.0
Michigan,2018,525240800000.00006
Michigan,2019,540237300000.00006
Michigan,2020,530161300000.00006
Michigan,2021,573329400000.0
Michigan,2022,624173200000.0
Michigan,2023,676030800000.0
Michigan,2024,702466900000.0
Minnesota,1997,157345900000.0
Minnesota,1998,167867400000.0
Minnesota,1999,176780400000.0
Minnesota,2000,192389500000.0
Minnesota,2001,196869400000.0
Minnesota,2002,204061100000.0
Minnesota,2003,215975100000.0
Minnesota,2004,231949400000.0
Minnesota,2005,244635400000.0
Minnesota,2006,252357600000.0
Minnesota,2007,261250700000.0
Minnesota,2008,268771500000.0
Minnesota,2009,262628800000.0
Minnesota,2010,274649200000.0
Minnesota,2011,287070800000.0
Minnesota,2012,298641400000.0
Minnesota,2013,311752100000.0
Minnesota,2014,324701500000.0
Minnesota,2015,336762000000.0
Minnesota,2016,345248800000.0
Minnesota,2017,354721900000.0
Minnesota,2018,372439200000.0
Minnesota,2019,384850200000.0
Minnesota,2020,378969400000.0
Minnesota,2021,416141900000.0
Minnesota,2022,457393800000.0
Minnesota,2023,483222000000.0
Minnesota,2024,507687800000.0
Mississippi,1997,58517200000.0
Mississippi,1998,61332300000.0
Mississippi,1999,64276500000.0
Mississippi,2000,66051500000.0
Mississippi,2001,67750200000.0
Mississippi,2002,69704900000.0
Mississippi,2003,74418400000.0
Mississippi,2004,78680100000.0
Mississippi,2005,82991600000.0
Mississippi,2006,87596700000.0
Mississippi,2007,91876500000.0
Mississippi,2008,95179300000.0
Mississippi,2009,92378000000.0
Mississippi,2010,94788300000.0
Mississippi,2011,96799100000.0
Mississippi,2012,100905400000.0
Mississippi,2013,103042600000.0
Mississippi,2014,105219500000.0
Mississippi,2015,106623900000.0
Mississippi,2016,107795400000.0
Mississippi,2017,110281400000.0
Mississippi,2018,113166400000.0
Mississippi,2019,116135700000.0
Mississippi,2020,117441600000.0
Mississippi,2021,130404600000.0
Mississippi,2022,141724200000.0
Mississippi,2023,151511900000.0
Mississippi,2024,158192400000.0
Missouri,1997,163101100000.0
Missouri,1998,170122200000.0
Missouri,1999,178215900000.0
Missouri,2000,187012800000.0
Missouri,2001,190388700000.0
Missouri,2002,197399000000.0
Missouri,2003,206005200000.0
Missouri,2004,216977500000.0
Missouri,2005,227594600000.0
Missouri,2006,235816900000.0
Missouri,2007,244085300000.0
Missouri,2008,256431100000.0
Missouri,2009,254306200000.0
Missouri,2010,262013400000.0
Missouri,2011,263330000000.0
Missouri,2012,272482400000.00003
Missouri,2013,282659700000.0
Missouri,2014,289340700000.0
Missouri,2015,299597700000.0
Missouri,2016,304143300000.0
Missouri,2017,311273800000.0
Missouri,2018,320451600000.0
Missouri,2019,334750200000.0
Missouri,2020,335970800000.0
Missouri,2021,366193100000.0
Missouri,2022,397536900000.0
Missouri,2023,428887300000.0
Missouri,2024,448713700000.0
Montana,1997,19301700000.0
Montana,1998,20414400000.0
Montana,1999,20815100000.0
Montana,2000,21935400000.0
Montana,2001,22798000000.0
Montana,2002,23886000000.0
Montana,2003,25781100000.0
Montana,2004,28138800000.0
Montana,2005,30823700000.0
Montana,2006,33088000000.0
Montana,2007,36116100000.0
Montana,2008,37028000000.0
Montana,2009,35880000000.0
Montana,2010,38080300000.0
Montana,2011,40592300000.0
Montana,2012,42150200000.0
Montana,2013,43584000000.0
Montana,2014,45203800000.0
Montana,2015,46542400000.0
Montana,2016,45859400000.0
Montana,2017,48470500000.0
Montana,2018,51152100000.0
Montana,2019,52715600000.0
Montana,2020,53057300000.0
Montana,2021,60314800000.0
Montana,2022,69087800000.0
Montana,2023,74690300000.0
Montana,2024,78441000000.0
Nebraska,1997,49880000000.0
Nebraska,1998,51849900000.0
Nebraska,1999,53714200000.0
Nebraska,2000,56582700000.0
Nebraska,2001,59634300000.0
Nebraska,2002,61569500000.0
Nebraska,2003,66471700000.0
Nebraska,2004,70445400000.0
Nebraska,2005,74886700000.0
Nebraska,2006,79287500000.0
Nebraska,2007,84291900000.0
Nebraska,2008,86146600000.0
Nebraska,2009,87325500000.0
Nebraska,2010,91940700000.0
Nebraska,2011,100526500000.0
Nebraska,2012,102949700000.0
Nebraska,2013,107247000000.0
Nebraska,2014,112763300000.0
Nebraska,2015,117402300000.0
Nebraska,2016,119389800000.0
Nebraska,2017,123219900000.0
Nebraska,2018,127954400000.0
Nebraska,2019,132848200000.00002
Nebraska,2020,135014500000.0
Nebraska,2021,150952500000.0
Nebraska,2022,167840200000.0
Nebraska,2023,183780900000.0
Nebraska,2024,189242700000.0
Nevada,1997,60255000000.0
Nevada,1998,65332200000.0
Nevada,1999,71825300000.0
Nevada,2000,77181500000.0
Nevada,2001,80968600000.0
Nevada,2002,85541000000.0
Nevada,2003,91365000000.0
Nevada,2004,104132000000.0
Nevada,2005,117165100000.0
Nevada,2006,126613400000.0
Nevada,2007,132045400000.0
Nevada,2008,130570900000.0
Nevada,2009,122471200000.0
Nevada,2010,125149000000.0
Nevada,2011,128638400000.0
Nevada,2012,130238200000.0
Nevada,2013,133592500000.0
Nevada,2014,136918400000.0
Nevada,2015,145786800000.0
Nevada,2016,153318000000.0
Nevada,2017,163199100000.0
Nevada,2018,172547900000.0
Nevada,2019,184611100000.0
Nevada,2020,176178700000.0
Nevada,2021,202091800000.0
Nevada,2022,232437900000.0
Nevada,2023,253443300000.0
Nevada,2024,269010500000.0
New Hampshire,1997,38122500000.0
New Hampshire,1998,40747700000.0
New Hampshire,1999,42292400000.0
New Hampshire,2000,45604900000.0
New Hampshire,2001,47037300000.0
New Hampshire,2002,49109600000.0
New Hampshire,2003,51609700000.0
New Hampshire,2004,54545700000.0
New Hampshire,2005,56914600000.0
New Hampshire,2006,60152700000.0
New Hampshire,2007,61984800000.0
New Hampshire,2008,62095300000.0
New Hampshire,2009,63052200000.0
New Hampshire,2010,65310800000.0
New Hampshire,2011,66557300000.0
New Hampshire,2012,68412000000.0
New Hampshire,2013,70897400000.0
New Hampshire,2014,73455100000.0
New Hampshire,2015,77385800000.0
New Hampshire,2016,79759700000.0
New Hampshire,2017,81179600000.0
New Hampshire,2018,83859400000.0
New Hampshire,2019,87868200000.0
New Hampshire,2020,89041600000.0
New Hampshire,2021,99433300000.0
New Hampshire,2022,106824600000.0
New Hampshire,2023,114427800000.0
New Hampshire,2024,119336600000.0
New Jersey,1997,307140900000.0
New Jersey,1998,318104000000.0
New Jersey,1999,334966400000.0
New Jersey,2000,360530400000.0
New Jersey,2001,372819200000.0
New Jersey,2002,385045600000.0
New Jersey,2003,399996500000.0
New Jersey,2004,415490800000.0
New Jersey,2005,436064400000.0
New Jersey,2006,457681500000.0
New Jersey,2007,474539600000.0
New Jersey,2008,493289400000.0
New Jersey,2009,481452700000.0
New Jersey,2010,491229000000.0
New Jersey,2011,494292800000.0
New Jersey,2012,516098200000.0
New Jersey,2013,534212100000.0
New Jersey,2014,543824100000.0
New Jersey,2015,565807700000.0
New Jersey,2016,578651400000.0
New Jersey,2017,590086700000.0
New Jersey,2018,619340200000.0
New Jersey,2019,643317700000.0
New Jersey,2020,632562300000.0
New Jersey,2021,693733800000.0
New Jersey,2022,756465600000.0
New Jersey,2023,806894000000.0
New Jersey,2024,846000400000.0
New Mexico,1997,52575600000.0
New Mexico,1998,50573100000.0
New Mexico,1999,52801900000.0
New Mexico,2000,55002200000.0
New Mexico,2001,55660200000.0
New Mexico,2002,57718300000.0
New Mexico,2003,62867900000.0
New Mexico,2004,70593400000.0
New Mexico,2005,74130900000.0
New Mexico,2006,78008200000.0
New Mexico,2007,81100300000.0
New Mexico,2008,84339700000.0
New Mexico,2009,82641300000.0
New Mexico,2010,84862600000.0
New Mexico,2011,87056000000.0
New Mexico,2012,87681000000.0
New Mexico,2013,88773300000.0
New Mexico,2014,92523400000.0
New Mexico,2015,90779400000.0
New Mexico,2016,90476000000.0
New Mexico,2017,93210100000.0
New Mexico,2018,98838200000.0
New Mexico,2019,103821000000.0
New Mexico,2020,101035500000.0
New Mexico,2021,113781700000.0
New Mexico,2022,129469100000.0
New Mexico,2023,138526000000.0
New Mexico,2024,147084900000.0
New York,1997,716104700000.0
New York,1998,744958900000.0
New York,1999,794009500000.0
New York,2000,839853000000.0
New York,2001,876285200000.0
New York,2002,885386200000.0
New York,2003,908535200000.0
New York,2004,958565300000.0
New York,2005,1009851000000.0
New York,2006,1072271800000.0
New York,2007,1116265300000.0
New York,2008,1107860200000.0
New York,2009,1155492300000.0
New York,2010,1217748000000.0
New York,2011,1245769400000.0
New York,2012,1324471300000.0
New York,2013,1364632900000.0
New York,2014,1434606300000.0
New York,2015,1498474700000.0
New York,2016,1556830000000.0
New York,2017,1624800700000.0
New York,2018,1710665600000.0
New York,2019,1787470900000.0
New York,2020,1782502400000.0
New York,2021,1934524000000.0
New York,2022,2071075200000.0
New York,2023,2182549000000.0
New York,2024,2322138900000.0
North Carolina,1997,234571900000.0
North Carolina,1998,246721800000.0
North Carolina,1999,264924300000.0
North Carolina,2000,277556100000.0
North Carolina,2001,287317100000.0
North Carolina,2002,297653000000.0
North Carolina,2003,310200300000.0
North Carolina,2004,329017700000.0
North Carolina,2005,354798500000.0
North Carolina,2006,388012100000.0
North Carolina,2007,402188300000.0
North Carolina,2008,420707200000.0
North Carolina,2009,413096800000.0
North Carolina,2010,422282200000.0
North Carolina,2011,430040100000.0
North Carolina,2012,444063200000.0
North Carolina,2013,460946400000.0
North Carolina,2014,482295700000.0
North Carolina,2015,508672400000.0
North Carolina,2016,528284300000.00006
North Carolina,2017,546810100000.0
North Carolina,2018,568037300000.0
North Carolina,2019,592449600000.0
North Carolina,2020,600226900000.0
North Carolina,2021,660804700000.0
North Carolina,2022,729761900000.0
North Carolina,2023,794838000000.0
North Carolina,2024,844209000000.0
North Dakota,1997,15796600000.0
North Dakota,1998,16842700000.0
North Dakota,1999,17083700000.0
North Dakota,2000,18115100000.0
North Dakota,2001,18976900000.0
North Dakota,2002,20195600000.0
North Dakota,2003,22129900000.0
North Dakota,2004,23209600000.0
North Dakota,2005,24572000000.0
North Dakota,2006,26406500000.0
North Dakota,2007,29044600000.0
North Dakota,2008,32027700000.0
North Dakota,2009,32310400000.0
North Dakota,2010,35651800000.0
North Dakota,2011,41602100000.0
North Dakota,2012,52079100000.0
North Dakota,2013,54877000000.0
North Dakota,2014,61108300000.0
North Dakota,2015,56952200000.0
North Dakota,2016,52666300000.0
North Dakota,2017,56530200000.0
North Dakota,2018,60377100000.0
North Dakota,2019,60892500000.0
North Dakota,2020,56321400000.0
North Dakota,2021,64830000000.0
North Dakota,2022,75052100000.0
North Dakota,2023,77898100000.0
North Dakota,2024,80058300000.0
Ohio,1997,343513700000.0
Ohio,1998,361479300000.0
Ohio,1999,375797200000.0
Ohio,2000,391032300000.0
Ohio,2001,395864200000.0
Ohio,2002,411191100000.0
Ohio,2003,425530700000.0
Ohio,2004,447813300000.0
Ohio,2005,470179500000.0
Ohio,2006,482904000000.0
Ohio,2007,497600100000.0
Ohio,2008,500916400000.0
Ohio,2009,484407100000.0
Ohio,2010,500274200000.0
Ohio,2011,525456400000.0
Ohio,2012,543035400000.0
Ohio,2013,566419900000.0
Ohio,2014,597152300000.0
Ohio,2015,615275500000.0
Ohio,2016,627294700000.0
Ohio,2017,652187500000.0
Ohio,2018,672540100000.0
Ohio,2019,702914800000.0
Ohio,2020,692938300000.0
Ohio,2021,764161400000.0
Ohio,2022,830498800000.0
Ohio,2023,883957100000.0
Ohio,2024,923140600000.0
Oklahoma,1997,79293700000.0
Oklahoma,1998,81778600000.0
Oklahoma,1999,84785600000.0
Oklahoma,2000,91645700000.0
Oklahoma,2001,97505300000.0
Oklahoma,2002,99916900000.0
Oklahoma,2003,106175100000.0
Oklahoma,2004,114237500000.0
Oklahoma,2005,125961400000.0
Oklahoma,2006,138352300000.0
Oklahoma,2007,146582400000.0
Oklahoma,2008,161609000000.0
Oklahoma,2009,147332400000.0
Oklahoma,2010,155267500000.0
Oklahoma,2011,167207900000.0
Oklahoma,2012,175361200000.0
Oklahoma,2013,184104600000.0
Oklahoma,2014,197074100000.0
Oklahoma,2015,187364700000.0
Oklahoma,2016,182238800000.0
Oklahoma,2017,192538600000.0
Oklahoma,2018,204193900000.0
Oklahoma,2019,205992700000.0
Oklahoma,2020,192222000000.0
Oklahoma,2021,219132400000.0
Oklahoma,2022,247541500000.0
Oklahoma,2023,255933200000.0
Oklahoma,2024,263695099999.99997
Oregon,1997,101418200000.0
Oregon,1998,105016400000.0
Oregon,1999,107513200000.0
Oregon,2000,117057200000.0
Oregon,2001,117002400000.0
Oregon,2002,120556100000.0
Oregon,2003,126822100000.0
Oregon,2004,136495900000.0
Oregon,2005,143556300000.0
Oregon,2006,153779600000.0
Oregon,2007,159676200000.0
Oregon,2008,164122900000.0
Oregon,2009,159330400000.0
Oregon,2010,163150500000.0
Oregon,2011,169693800000.0
Oregon,2012,173856800000.0
Oregon,2013,178975400000.0
Oregon,2014,187837600000.0
Oregon,2015,200592600000.0
Oregon,2016,211782400000.0
Oregon,2017,225534500000.0
Oregon,2018,238466900000.0
Oregon,2019,248781800000.0
Oregon,2020,250660600000.0
Oregon,2021,276367700000.0
Oregon,2022,297084300000.0
Oregon,2023,314895000000.0
Oregon,2024,330250100000.0
Pennsylvania,1997,357525600000.0
Pennsylvania,1998,373515000000.0
Pennsylvania,1999,391136100000.0
Pennsylvania,2000,409330200000.0
Pennsylvania,2001,428463700000.0
Pennsylvania,2002,440887500000.0
Pennsylvania,2003,460478300000.0
Pennsylvania,2004,486384500000.0
Pennsylvania,2005,510763900000.0
Pennsylvania,2006,528771199999.99994
Pennsylvania,2007,563238600000.0
Pennsylvania,2008,586886600000.0
Pennsylvania,2009,581219900000.0
Pennsylvania,2010,604629600000.0
Pennsylvania,2011,623767900000.0
Pennsylvania,2012,646434300000.0
Pennsylvania,2013,670767400000.0
Pennsylvania,2014,695546600000.0
Pennsylvania,2015,716534300000.0
Pennsylvania,2016,733165900000.0
Pennsylvania,2017,754318000000.0
Pennsylvania,2018,780620700000.0
Pennsylvania,2019,802233100000.0
Pennsylvania,2020,778297200000.0
Pennsylvania,2021,844875500000.0
Pennsylvania,2022,916861700000.0
Pennsylvania,2023,966444000000.0
Pennsylvania,2024,1007873900000.0
Rhode Island,1997,28963200000.0
Rhode Island,1998,30835300000.0
Rhode Island,1999,32340000000.0
Rhode Island,2000,34608500000.0
Rhode Island,2001,35940100000.0
Rhode Island,2002,37891200000.0
Rhode Island,2003,39787100000.0
Rhode Island,2004,42578200000.0
Rhode Island,2005,44413300000.0
Rhode Island,2006,47165300000.0
Rhode Island,2007,47490100000.0
Rhode Island,2008,47138900000.0
Rhode Island,2009,47647200000.0
Rhode Island,2010,49409100000.0
Rhode Island,2011,50123700000.0
Rhode Island,2012,51527500000.0
Rhode Island,2013,52994200000.0
Rhode Island,2014,54612500000.0
Rhode Island,2015,56604000000.0
Rhode Island,2016,57714600000.0
Rhode Island,2017,58771600000.0
Rhode Island,2018,60064900000.0
Rhode Island,2019,62814700000.0
Rhode Island,2020,61980900000.0
Rhode Island,2021,67060000000.0
Rhode Island,2022,71978200000.0
Rhode Island,2023,76313500000.0
Rhode Island,2024,80381100000.0
South Carolina,1997,97453800000.0
South Carolina,1998,103688600000.0
South Carolina,1999,110312900000.0
South Carolina,2000,115332700000.0
South Carolina,2001,119355200000.0
South Carolina,2002,124765200000.0
South Carolina,2003,131509100000.0
South Carolina,2004,136679900000.0
South Carolina,2005,145195800000.0
South Carolina,2006,153453400000.0
South Carolina,2007,162476300000.0
South Carolina,2008,164471200000.0
South Carolina,2009,162380400000.0
South Carolina,2010,166767400000.0
South Carolina,2011,172844700000.0
South Carolina,2012,178503900000.0
South Carolina,2013,186268300000.0
South Carolina,2014,195744400000.0
South Carolina,2015,207510000000.0
South Carolina,2016,217555500000.0
South Carolina,2017,224937600000.0
South Carolina,2018,236561700000.0
South Carolina,2019,249575700000.0
South Carolina,2020,248952700000.0
South Carolina,2021,272464900000.00003
South Carolina,2022,305070000000.0
South Carolina,2023,332946800000.0
South Carolina,2024,357074400000.0
South Dakota,1997,19062300000.0
South Dakota,1998,20257800000.0
South Dakota,1999,21181800000.0
South Dakota,2000,22866700000.0
South Dakota,2001,23626900000.0
South Dakota,2002,26343500000.0
South Dakota,2003,27305000000.0
South Dakota,2004,29380900000.0
South Dakota,2005,31104300000.0
South Dakota,2006,32559300000.0
South Dakota,2007,35282600000.0
South Dakota,2008,36939300000.0
South Dakota,2009,36732100000.0
South Dakota,2010,38208200000.0
South Dakota,2011,42082700000.0
South Dakota,2012,44127300000.0
South Dakota,2013,45498600000.0
South Dakota,2014,47159900000.0
South Dakota,2015,48678900000.0
South Dakota,2016,49842600000.0
South Dakota,2017,51615100000.0
South Dakota,2018,53349500000.0
South Dakota,2019,55175800000.0
South Dakota,2020,56847300000.0
South Dakota,2021,63337700000.0
South Dakota,2022,69425600000.0
South Dakota,2023,74458800000.0
South Dakota,2024,76795800000.0
Tennessee,1997,154861900000.0
Tennessee,1998,167783000000.0
Tennessee,1999,176467200000.0
Tennessee,2000,182209700000.0
Tennessee,2001,185917200000.0
Tennessee,2002,195386100000.0
Tennessee,2003,204665900000.0
Tennessee,2004,219862400000.0
Tennessee,2005,231339000000.0
Tennessee,2006,243104400000.0
Tennessee,2007,248261600000.0
Tennessee,2008,255546700000.0
Tennessee,2009,252940700000.0
Tennessee,2010,258657600000.0
Tennessee,2011,270055000000.0
Tennessee,2012,285897500000.0
Tennessee,2013,296756300000.0
Tennessee,2014,307448500000.0
Tennessee,2015,326382500000.0
Tennessee,2016,339350200000.0
Tennessee,2017,355417500000.0
Tennessee,2018,369713200000.0
Tennessee,2019,385833000000.0
Tennessee,2020,391588600000.0
Tennessee,2021,443419700000.0
Tennessee,2022,490587000000.0
Tennessee,2023,531246800000.00006
Tennessee,2024,561201200000.0
Texas,1997,610659800000.0
Texas,1998,648243100000.0
Texas,1999,683347400000.0
Texas,2000,742161500000.0
Texas,2001,780206200000.0
Texas,2002,796357300000.0
Texas,2003,840860800000.0
Texas,2004,921230700000.0
Texas,2005,1003745900000.0
Texas,2006,1108236500000.0
Texas,2007,1198565000000.0
Texas,2008,1253142000000.0
Texas,2009,1179168100000.0
Texas,2010,1255660800000.0
Texas,2011,1351776900000.0
Texas,2012,1429588000000.0
Texas,2013,1526781900000.0
Texas,2014,1592177600000.0
Texas,2015,1585985900000.0
Texas,2016,1582981500000.0
Texas,2017,1667313000000.0
Texas,2018,1808026900000.0
Texas,2019,1864872300000.0
Texas,2020,1810670200000.0
Texas,2021,2117013700000.0002
Texas,2022,2476903200000.0
Texas,2023,2637237600000.0
Texas,2024,2769766200000.0
Utah,1997,57812000000.0
Utah,1998,62070100000.0
Utah,1999,65773399999.99999
Utah,2000,70056300000.0
Utah,2001,73042500000.0
Utah,2002,76289400000.0
Utah,2003,79504700000.0
Utah,2004,86766700000.0
Utah,2005,95512000000.0
Utah,2006,106787100000.0
Utah,2007,115180700000.0
Utah,2008,116949200000.0
Utah,2009,113834800000.0
Utah,2010,118296300000.0
Utah,2011,125137800000.0
Utah,2012,129431400000.0
Utah,2013,135344299999.99998
Utah,2014,142627700000.0
Utah,2015,149762100000.0
Utah,2016,159330600000.0
Utah,2017,172075000000.0
Utah,2018,186805700000.0
Utah,2019,201312200000.0
Utah,2020,206240500000.0
Utah,2021,233320900000.0
Utah,2022,261548500000.0
Utah,2023,283230800000.0
Utah,2024,299471300000.0
Vermont,1997,15443400000.0
Vermont,1998,16197700000.0
Vermont,1999,17314800000.0
Vermont,2000,18492900000.0
Vermont,2001,19467100000.0
Vermont,2002,20383500000.0
Vermont,2003,21398500000.0
Vermont,2004,22986300000.0
Vermont,2005,23763000000.0
Vermont,2006,24507100000.0
Vermont,2007,25025200000.0
Vermont,2008,26140400000.0
Vermont,2009,26220000000.0
Vermont,2010,27478300000.0
Vermont,2011,28558500000.0
Vermont,2012,29325600000.0
Vermont,2013,29477600000.0
Vermont,2014,30359400000.0
Vermont,2015,31152400000.0
Vermont,2016,31840200000.0
Vermont,2017,32589200000.0
Vermont,2018,33482600000.0
Vermont,2019,34760300000.0
Vermont,2020,34572300000.0
Vermont,2021,37290800000.0
Vermont,2022,41211200000.0
Vermont,2023,43931600000.0
Vermont,2024,46276100000.0
Virginia,1997,215419200000.0
Virginia,1998,232569900000.0
Virginia,1999,250171300000.0
Virginia,2000,268608700000.0
Virginia,2001,285663400000.0
Virginia,2002,294929100000.0
Virginia,2003,311093100000.0
Virginia,2004,331815800000.0
Virginia,2005,357427000000.0
Virginia,2006,376429400000.0
Virginia,2007,391595500000.0
Virginia,2008,402157800000.0
Virginia,2009,409935300000.0
Virginia,2010,425490800000.0
Virginia,2011,433683700000.0
Virginia,2012,445008500000.0
Virginia,2013,456911600000.0
Virginia,2014,465601700000.0
Virginia,2015,485540900000.0
Virginia,2016,499032400000.0
Virginia,2017,515167200000.0
Virginia,2018,537158300000.00006
Virginia,2019,561701800000.0
Virginia,2020,566101500000.0
Virginia,2021,616187900000.0
Virginia,2022,665624700000.0
Virginia,2023,722767400000.0
Virginia,2024,761733800000.0
Washington,1997,193769500000.0
Washington,1998,209222500000.0
Washington,1999,229678900000.0
Washington,2000,237594000000.0
Washington,2001,237978200000.0
Washington,2002,245629800000.0
Washington,2003,254720200000.0
Washington,2004,267423900000.00003
Washington,2005,293402000000.0
Washington,2006,314190800000.0
Washington,2007,341712300000.0
Washington,2008,352460700000.0
Washington,2009,349945400000.0
Washington,2010,363544200000.0
Washington,2011,377518800000.0
Washington,2012,398358500000.0
Washington,2013,416924100000.0
Washington,2014,439851200000.0
Washington,2015,467590600000.0
Washington,2016,489790200000.0
Washington,2017,527169400000.0
Washington,2018,570337800000.0
Washington,2019,608643400000.0
Washington,2020,617739100000.0
Washington,2021,683367000000.0
Washington,2022,741002800000.0
Washington,2023,801455500000.0
Washington,2024,856013600000.0
West Virginia,1997,38781200000.0
West Virginia,1998,40258900000.0
West Virginia,1999,41942200000.0
West Virginia,2000,42620700000.0
West Virginia,2001,44105100000.0
West Virginia,2002,45627400000.0
West Virginia,2003,47230400000.0
West Virginia,2004,49865900000.0
West Virginia,2005,53814300000.0
West Virginia,2006,57204100000.0
West Virginia,2007,59480400000.0
West Virginia,2008,62978700000.0
West Virginia,2009,64040100000.0
West Virginia,2010,66160399999.99999
West Virginia,2011,69367600000.0
West Virginia,2012,70303100000.0
West Virginia,2013,71758600000.0
West Virginia,2014,73042600000.0
West Virginia,2015,71713400000.0
West Virginia,2016,71248900000.0
West Virginia,2017,75172400000.0
West Virginia,2018,79794300000.0
West Virginia,2019,80242400000.0
West Virginia,2020,77536500000.0
West Virginia,2021,87178800000.0
West Virginia,2022,98824100000.0
West Virginia,2023,101479900000.0
West Virginia,2024,106475100000.0
Wisconsin,1997,153536200000.0
Wisconsin,1998,163021500000.0
Wisconsin,1999,172928500000.0
Wisconsin,2000,180883100000.0
Wisconsin,2001,188662800000.0
Wisconsin,2002,195541500000.0
Wisconsin,2003,203814000000.0
Wisconsin,2004,216370400000.0
Wisconsin,2005,226937500000.0
Wisconsin,2006,237571900000.0
Wisconsin,2007,245837700000.0
Wisconsin,2008,246493000000.0
Wisconsin,2009,246323800000.0
Wisconsin,2010,256159500000.0
Wisconsin,2011,265444000000.0
Wisconsin,2012,276253400000.0
Wisconsin,2013,283791400000.0
Wisconsin,2014,296169900000.0
Wisconsin,2015,308304500000.0
Wisconsin,2016,315420000000.0
Wisconsin,2017,321886800000.0
Wisconsin,2018,335144300000.0
Wisconsin,2019,346906600000.0
Wisconsin,2020,344691000000.0
Wisconsin,2021,368997300000.0
Wisconsin,2022,403570300000.0
Wisconsin,2023,431913900000.0
Wisconsin,2024,453298600000.0
Wyoming,1997,14673000000.0
Wyoming,1998,14833200000.0
Wyoming,1999,15685700000.0
Wyoming,2000,17153700000.0
Wyoming,2001,18741700000.0
Wyoming,2002,19160800000.0
Wyoming,2003,21199000000.0
Wyoming,2004,23418100000.0
Wyoming,2005,27530200000.0
Wyoming,2006,32692200000.0
Wyoming,2007,36912800000.0
Wyoming,2008,42694600000.0
Wyoming,2009,36282200000.0
Wyoming,2010,37567500000.0
Wyoming,2011,39615100000.0
Wyoming,2012,38679300000.0
Wyoming,2013,39365600000.0
Wyoming,2014,40573900000.0
Wyoming,2015,38624800000.0
Wyoming,2016,36105900000.0
Wyoming,2017,37620300000.0
Wyoming,2018,39614500000.0
Wyoming,2019,40029500000.0
Wyoming,2020,36982700000.0
Wyoming,2021,42410600000.0
Wyoming,2022,49570400000.0
Wyoming,2023,51350100000.0
Wyoming,2024,51498100000.0
