state,year,residual
Alabama,2008,677.0954148900273
Alabama,2009,822.0552442652406
Alabama,2010,-56.619572065377724
Alabama,2011,-516.0759024973231
Alabama,2012,-1114.1019865142662
Alabama,2013,-1461.9032225890696
Alabama,2014,-1361.366187568652
Alabama,2015,-342.7295434988264
Alabama,2016,-880.8087038969388
Alabama,2017,-648.5894004857182
Alabama,2018,565.0604218446751
Alabama,2019,334.915733482645
Alabama,2020,1811.1691179793706
Alabama,2021,1880.450130683399
Alabama,2022,-927.6485700187477
Alabama,2023,-2276.931584699356
Alabama,2024,-2446.4862524945347
Alaska,2008,2212.4086883724376
Alaska,2009,970.1633009442594
Alaska,2010,2770.3368891997816
Alaska,2011,2794.6896102417377
Alaska,2012,2616.246458070367
Alaska,2013,1643.2855386784213
Alaska,2014,2033.9296348084463
Alaska,2015,2193.665706258238
Alaska,2016,724.1749314018889
Alaska,2017,-194.70528340157762
Alaska,2018,-186.22696012798406
Alaska,2019,416.42295303713763
Alaska,2020,1335.4370396449813
Alaska,2021,-1653.2692235640716
Alaska,2022,-2762.505614741691
Alaska,2023,-4751.331481477813
Alaska,2024,-4791.858975239316
Arizona,2008,-3754.9430298749503
Arizona,2009,-4922.195960198034
Arizona,2010,-4565.142792982137
Arizona,2011,-4140.400177819429
Arizona,2012,-3864.5849459715173
Arizona,2013,-4249.101169001726
Arizona,2014,-3914.153337035619
Arizona,2015,-3125.615938676303
Arizona,2016,-3223.939668990046
Arizona,2017,-2657.3490125801036
Arizona,2018,-2383.7716252654573
Arizona,2019,-2153.5185132729093
Arizona,2020,-1493.5225136134832
Arizona,2021,-163.73136741852795
Arizona,2022,-4688.856061302897
Arizona,2023,-5847.138440140407
Arizona,2024,-6437.520882200974
Arkansas,2008,132.86947693115508
Arkansas,2009,526.9220083039618
Arkansas,2010,-621.6602876985271
Arkansas,2011,-684.6591068470734
Arkansas,2012,-108.35982552518544
Arkansas,2013,-719.7108207073325
Arkansas,2014,-90.76925994997146
Arkansas,2015,670.7280586192937
Arkansas,2016,634.3312574467127
Arkansas,2017,942.6366283078823
Arkansas,2018,1673.7766804862622
Arkansas,2019,1044.7108800181595
Arkansas,2020,2146.2360992989124
Arkansas,2021,2697.100770526333
Arkansas,2022,608.4188654744357
Arkansas,2023,-148.5396922146101
Arkansas,2024,-547.7698121834983
California,2008,-3223.1038976561103
California,2009,-3682.6281177548663
California,2010,-3368.4881564112147
California,2011,-3330.751630787796
California,2012,-3268.743633719241
California,2013,-3759.200418324821
California,2014,-3511.00683559163
California,2015,-2687.3956396956637
California,2016,-2064.0169254714856
California,2017,-2589.836702668319
California,2018,-3158.4178178193542
California,2019,-2528.5946797376237
California,2020,-1699.1937910023262
California,2021,-2185.560420595255
California,2022,-6466.639853497545
California,2023,-7691.312943968354
California,2024,-7531.442364871109
Colorado,2008,-103.74654043050396
Colorado,2009,-1010.9931995448569
Colorado,2010,-697.7544466643303
Colorado,2011,-1552.1897834366027
Colorado,2012,-1444.6059432437614
Colorado,2013,-1298.227501523761
Colorado,2014,-516.8282478135516
Colorado,2015,-62.94676132391032
Colorado,2016,-428.02628506093606
Colorado,2017,-190.27621783803625
Colorado,2018,1659.825298740645
Colorado,2019,1025.9797100310388
Colorado,2020,1008.8162080427865
Colorado,2021,1662.0126066525117
Colorado,2022,-643.7593661899009
Colorado,2023,-1863.8036279899825
Colorado,2024,-3590.146262764669
Connecticut,2008,5082.985890405049
Connecticut,2009,4685.018427300194
Connecticut,2010,6571.3175269526255
Connecticut,2011,5236.2390023975895
Connecticut,2012,4473.835385007915
Connecticut,2013,2922.1192172010633
Connecticut,2014,3517.7432280186913
Connecticut,2015,3835.4197702091187
Connecticut,2016,3794.910635900189
Connecticut,2017,3468.6400728023436
Connecticut,2018,5297.0392356778175
Connecticut,2019,5158.3583298079175
Connecticut,2020,4628.737407370994
Connecticut,2021,5105.204187409123
Connecticut,2022,-858.1647130519705
Connecticut,2023,-844.7644601597713
Connecticut,2024,-1161.7615534485085
Delaware,2008,119.53720092791627
Delaware,2009,-438.62848109377956
Delaware,2010,-973.8138850889591
Delaware,2011,-192.37518743178225
Delaware,2012,-653.9778412508458
Delaware,2013,-736.5207841410884
Delaware,2014,-1192.8510581677547
Delaware,2015,541.3222575835825
Delaware,2016,245.23673514200345
Delaware,2017,235.78749343134405
Delaware,2018,-2.475799275780446
Delaware,2019,-49.50824533619016
Delaware,2020,1275.0689603090068
Delaware,2021,438.26363305891573
Delaware,2022,-2004.4954340271215
Delaware,2023,-4350.071277151408
Delaware,2024,-5386.420183134833
District of Columbia,2008,4063.707784412283
District of Columbia,2009,3643.409411437664
District of Columbia,2010,3309.0139727859932
District of Columbia,2011,3392.0228782018094
District of Columbia,2012,3786.851015806111
District of Columbia,2013,1740.254724030514
District of Columbia,2014,1720.0978565899131
District of Columbia,2015,3672.1600200563553
District of Columbia,2016,4535.2609916266665
District of Columbia,2017,5511.096672125874
District of Columbia,2018,4191.243994694989
District of Columbia,2019,4992.059408212357
District of Columbia,2020,5365.103393895668
District of Columbia,2021,3778.45883997943
District of Columbia,2022,-1352.9435057240626
District of Columbia,2023,-1787.0724724531901
District of Columbia,2024,-2403.314771500649
Florida,2008,-1440.1991430260532
Florida,2009,-2166.5979425626283
Florida,2010,-1741.0338243432707
Florida,2011,-2119.3838203434207
Florida,2012,-2623.8270633495267
Florida,2013,-3277.5823117644395
Florida,2014,-2916.574405530613
Florida,2015,-2178.8844125754404
Florida,2016,-2170.7779873089166
Florida,2017,-1649.2266840112134
Florida,2018,-1266.7748080934834
Florida,2019,-530.9453988030073
Florida,2020,-373.0231058454956
Florida,2021,-790.0261070040578
Florida,2022,-3961.693289605042
Florida,2023,-5530.558055279776
Florida,2024,-6158.529791229375
Georgia,2008,-546.3471922729877
Georgia,2009,-25.248491570840997
Georgia,2010,-1615.9236712403654
Georgia,2011,-1017.2535819281329
Georgia,2012,-2232.5910355108063
Georgia,2013,-2459.213411303346
Georgia,2014,-1962.8280625315238
Georgia,2015,-850.5222374967125
Georgia,2016,-775.3691887272289
Georgia,2017,-634.3745515886985
Georgia,2018,-510.1814230291493
Georgia,2019,-73.29948236586642
Georgia,2020,752.8347527774022
Georgia,2021,-34.88423451856943
Georgia,2022,-2977.2080556670408
Georgia,2023,-4500.842247199238
Georgia,2024,-4840.847065052352
Hawaii,2008,-3356.402815639085
Hawaii,2009,-4673.999289084139
Hawaii,2010,-4066.581857590805
Hawaii,2011,-4696.163881089109
Hawaii,2012,-4551.660109641656
Hawaii,2013,-6566.401816457095
Hawaii,2014,-5777.122529612876
Hawaii,2015,-5544.306934426058
Hawaii,2016,-4798.888867089641
Hawaii,2017,-5092.99365733107
Hawaii,2018,-5862.04600703442
Hawaii,2019,-6097.5545055002585
Hawaii,2020,-6277.830794798487
Hawaii,2021,-6789.324934152319
Hawaii,2022,-8868.6880175783
Hawaii,2023,-9213.082911221616
Hawaii,2024,-9925.338933538005
Idaho,2008,-2488.1037123740825
Idaho,2009,-3268.0979861736996
Idaho,2010,-2796.249854091744
Idaho,2011,-3197.2025947456787
Idaho,2012,-2848.4997868688442
Idaho,2013,-2947.055544680741
Idaho,2014,-2724.988472526471
Idaho,2015,-2113.7225456122687
Idaho,2016,-1480.4438946111477
Idaho,2017,-2116.1317075328698
Idaho,2018,-636.7993443074884
Idaho,2019,-339.22822820158035
Idaho,2020,1843.84693185598
Idaho,2021,2116.3471571365008
Idaho,2022,-934.2281409794305
Idaho,2023,-2399.359287741987
Idaho,2024,-4601.4236348544655
Illinois,2008,1449.9953480543918
Illinois,2009,-211.21786581754714
Illinois,2010,-535.3298356149826
Illinois,2011,-747.0769961266196
Illinois,2012,-209.91031492293405
Illinois,2013,-79.19460128970968
Illinois,2014,351.8528397258051
Illinois,2015,1738.9667170525063
Illinois,2016,1234.7353253974434
Illinois,2017,721.3522474937927
Illinois,2018,852.8043959157076
Illinois,2019,1294.8053950977046
Illinois,2020,1800.529559973118
Illinois,2021,768.4334026433207
Illinois,2022,-2582.0758225003374
Illinois,2023,-2257.192791820329
Illinois,2024,-3789.8268925178127
Indiana,2008,507.75214427225
Indiana,2009,-352.1028040268138
Indiana,2010,-396.1417029654185
Indiana,2011,141.50193899097212
Indiana,2012,29.138583060797828
Indiana,2013,-453.6162111804879
Indiana,2014,-226.39027322160837
Indiana,2015,1137.2331017529214
Indiana,2016,1282.2138339530793
Indiana,2017,1499.936545472854
Indiana,2018,509.7456877814693
Indiana,2019,636.0646002421126
Indiana,2020,2435.4773047170675
Indiana,2021,2288.8846463305526
Indiana,2022,-341.03510325460957
Indiana,2023,-1549.3844634116685
Indiana,2024,-2819.541785025911
Iowa,2008,5138.8203064432455
Iowa,2009,3095.6076375796692
Iowa,2010,2205.7207882285584
Iowa,2011,3473.6628031595537
Iowa,2012,3085.213470614166
Iowa,2013,2686.8693824838483
Iowa,2014,2589.1879316055856
Iowa,2015,4115.526475204977
Iowa,2016,3801.7517773207583
Iowa,2017,3677.2160139865227
Iowa,2018,2202.581459115405
Iowa,2019,1907.3303454868583
Iowa,2020,3581.2261910885136
Iowa,2021,4487.375239517438
Iowa,2022,2937.9068208416575
Iowa,2023,1027.9474456400785
Iowa,2024,1131.4390380089608
Kansas,2008,5553.172845815745
Kansas,2009,3474.516207268258
Kansas,2010,2327.2118355890852
Kansas,2011,3149.829575197975
Kansas,2012,3140.3009914197464
Kansas,2013,3289.7517773207583
Kansas,2014,2633.957448297784
Kansas,2015,2911.6596203315275
Kansas,2016,2904.699427617408
Kansas,2017,3154.5149319694974
Kansas,2018,2616.132035735296
Kansas,2019,2608.053692849724
Kansas,2020,3838.8237545502925
Kansas,2021,3946.243366077062
Kansas,2022,2374.827751278266
Kansas,2023,592.471120730479
Kansas,2024,-187.40164201280277
Kentucky,2008,-191.0572705405575
Kentucky,2009,89.33307775382855
Kentucky,2010,-802.2888438650771
Kentucky,2011,-900.8177909822116
Kentucky,2012,-1128.1284338701225
Kentucky,2013,-1689.4859727651929
Kentucky,2014,-1477.8493286953599
Kentucky,2015,-482.8881367992435
Kentucky,2016,-558.8546915568295
Kentucky,2017,-363.6950990744226
Kentucky,2018,-133.52878120963578
Kentucky,2019,-96.3290181024422
Kentucky,2020,1598.8718350214767
Kentucky,2021,1802.8813762803766
Kentucky,2022,-1323.9394000984466
Kentucky,2023,-2330.831612311027
Kentucky,2024,-2891.922770118268
Louisiana,2008,2803.866566607314
Louisiana,2009,2563.11068234931
Louisiana,2010,1594.3299857605307
Louisiana,2011,765.1782086772146
Louisiana,2012,846.9408183175983
Louisiana,2013,424.3516152632801
Louisiana,2014,409.51148024987197
Louisiana,2015,600.4452256081422
Louisiana,2016,-422.0715424304217
Louisiana,2017,128.67761644520215
Louisiana,2018,1039.8841049347684
Louisiana,2019,916.8982823773331
Louisiana,2020,2004.74786781492
Louisiana,2021,2010.8369328108529
Louisiana,2022,-822.2754911602242
Louisiana,2023,-353.67729185536155
Louisiana,2024,-394.26495071931276
Maine,2008,-1337.1872364516676
Maine,2009,-1207.988472526471
Maine,2010,-922.7362688811991
Maine,2011,-523.4439854458687
Maine,2012,-1451.781439028542
Maine,2013,-2647.6953715786003
Maine,2014,66.8483888241899
Maine,2015,-657.6538384329178
Maine,2016,-1079.4742514728423
Maine,2017,-1228.9699350170195
Maine,2018,-1399.5648642717133
Maine,2019,-33.51715075201355
Maine,2020,149.0748681788391
Maine,2021,294.05141836896655
Maine,2022,-4286.357834386363
Maine,2023,-3654.58731851216
Maine,2024,-3570.1812485848495
Maryland,2008,461.51538614313176
Maryland,2009,-379.7763522838359
Maryland,2010,196.21110529868747
Maryland,2011,-514.6153972805187
Maryland,2012,-256.58849575102795
Maryland,2013,-1708.2908494542353
Maryland,2014,-1612.0914496859477
Maryland,2015,-910.7922591987881
Maryland,2016,-444.97012029905454
Maryland,2017,-485.8764191194641
Maryland,2018,-752.822434391026
Maryland,2019,-237.62267128383974
Maryland,2020,-406.32938866651966
Maryland,2021,-1215.5320620975544
Maryland,2022,-3873.5178846549825
Maryland,2023,-4725.210424595105
Maryland,2024,-5615.605499907877
Massachusetts,2008,3061.351339146524
Massachusetts,2009,3133.3376158775936
Massachusetts,2010,3523.1864746373685
Massachusetts,2011,3149.3665157710784
Massachusetts,2012,2946.7647702992836
Massachusetts,2013,2784.718328465766
Massachusetts,2014,2217.8851005041797
Massachusetts,2015,3299.1652956956677
Massachusetts,2016,1787.8088468173228
Massachusetts,2017,2180.519015919621
Massachusetts,2018,2055.454668807157
Massachusetts,2019,2437.012879156682
Massachusetts,2020,2292.108669534995
Massachusetts,2021,3085.5960798938613
Massachusetts,2022,-2793.6547612305003
Massachusetts,2023,-3229.4599976458703
Massachusetts,2024,-2984.24587542667
Michigan,2008,-903.8634153031962
Michigan,2009,-1833.937212839839
Michigan,2010,-1761.8767752332133
Michigan,2011,-1152.8954071899789
Michigan,2012,-1079.5965800417252
Michigan,2013,-1609.0136481961526
Michigan,2014,-1513.8537832095608
Michigan,2015,431.71042584452516
Michigan,2016,610.1746625102896
Michigan,2017,887.3674277309328
Michigan,2018,-122.77716979637626
Michigan,2019,-555.6835594515214
Michigan,2020,1393.1732963768009
Michigan,2021,1137.990435753978
Michigan,2022,-1593.8037115995394
Michigan,2023,-2900.4441743404896
Michigan,2024,-4599.820163522862
Minnesota,2008,3055.16075757191
Minnesota,2009,1055.490668259663
Minnesota,2010,1682.7631388867885
Minnesota,2011,2116.8243031712336
Minnesota,2012,2339.8256656921294
Minnesota,2013,1635.130309875487
Minnesota,2014,1470.5751879066665
Minnesota,2015,2736.4373157617374
Minnesota,2016,2801.6959722852043
Minnesota,2017,3024.107677578155
Minnesota,2018,1355.6455301111127
Minnesota,2019,1761.1101301157905
Minnesota,2020,3245.4102289502043
Minnesota,2021,2884.2021018229716
Minnesota,2022,149.17010993619624
Minnesota,2023,-1712.4902564476797
Minnesota,2024,-2678.018295217553
Mississippi,2008,-888.0519076790879
Mississippi,2009,-37.42307900835294
Mississippi,2010,-1212.243673717734
Mississippi,2011,-1604.3820000363048
Mississippi,2012,-1549.9045851099727
Mississippi,2013,-1884.977110960448
Mississippi,2014,-2066.612483344099
Mississippi,2015,-1514.804249382738
Mississippi,2016,-1684.5257800510662
Mississippi,2017,-1476.7636245843241
Mississippi,2018,-960.1669694698212
Mississippi,2019,-890.5634073034962
Mississippi,2020,1032.5379276057356
Mississippi,2021,1149.6069072892715
Mississippi,2022,-2594.062001171522
Mississippi,2023,-2940.5239669691073
Mississippi,2024,-3318.87350879563
Missouri,2008,3551.6671668390263
Missouri,2009,2062.2958138403046
Missouri,2010,456.6207250055013
Missouri,2011,530.1911144336045
Missouri,2012,679.1655754250169
Missouri,2013,-21.688646196227637
Missouri,2014,-205.7210014219163
Missouri,2015,1001.3592489929288
Missouri,2016,1493.7904037551853
Missouri,2017,1154.8572034052777
Missouri,2018,1110.0371537042665
Missouri,2019,881.8660179863655
Missouri,2020,2412.5702792188386
Missouri,2021,2428.5797296430173
Missouri,2022,137.21646454757138
Missouri,2023,-566.9864813876484
Missouri,2024,-994.9121388426283
Montana,2008,-276.59866924044036
Montana,2009,-454.46025208714855
Montana,2010,134.04397353394597
Montana,2011,-444.29248086673033
Montana,2012,446.5431996324769
Montana,2013,-45.23167992119852
Montana,2014,-820.065089552234
Montana,2015,-135.40208896127297
Montana,2016,77.36624687947915
Montana,2017,175.65225910607114
Montana,2018,1058.8123057621124
Montana,2019,543.3237109392139
Montana,2020,3195.3724236409034
Montana,2021,3917.700332352091
Montana,2022,2084.8477457559347
Montana,2023,847.956169386438
Montana,2024,-2016.4790765511134
Nebraska,2008,5177.86774745876
Nebraska,2009,4141.529476363547
Nebraska,2010,3630.431139000306
Nebraska,2011,5627.831210223056
Nebraska,2012,4584.189294126481
Nebraska,2013,3877.7320553472746
Nebraska,2014,4493.687066869388
Nebraska,2015,5648.641624217853
Nebraska,2016,4771.303262287911
Nebraska,2017,4897.833571925956
Nebraska,2018,3562.814849134469
Nebraska,2019,3401.153846907502
Nebraska,2020,4304.48039309778
Nebraska,2021,5503.769221200913
Nebraska,2022,4061.8172072247835
Nebraska,2023,3308.926266698385
Nebraska,2024,2175.119031919021
Nevada,2008,-1557.629934449411
Nevada,2009,-3546.2142288158866
Nevada,2010,-2723.028098142895
Nevada,2011,-3629.894862181609
Nevada,2012,-3596.2849379718245
Nevada,2013,-3597.4507108282414
Nevada,2014,-3018.1052601770207
Nevada,2015,-1501.368552884138
Nevada,2016,-827.8646906019567
Nevada,2017,-1819.909679079843
Nevada,2018,43.9526304446772
Nevada,2019,-845.3172968100844
Nevada,2020,684.4922996721725
Nevada,2021,2144.747773367606
Nevada,2022,-1489.9399487193878
Nevada,2023,-3222.222327556912
Nevada,2024,-5027.041650580111
New Hampshire,2008,64.56637332557875
New Hampshire,2009,355.06932726049854
New Hampshire,2010,982.0373353737159
New Hampshire,2011,1053.535289786072
New Hampshire,2012,1158.1256736918294
New Hampshire,2013,404.6288092962059
New Hampshire,2014,763.3979626494984
New Hampshire,2015,691.9688062512287
New Hampshire,2016,252.6717049627914
New Hampshire,2017,-130.14816306877037
New Hampshire,2018,890.3168911095272
New Hampshire,2019,1202.4647586870124
New Hampshire,2020,1190.7649483561545
New Hampshire,2021,2498.9939746957534
New Hampshire,2022,-4332.409188520294
New Hampshire,2023,-4272.002846088813
New Hampshire,2024,-4256.450816113298
New Jersey,2008,2321.3712427894643
New Jersey,2009,10.68143150373362
New Jersey,2010,648.9072786278775
New Jersey,2011,5.385238562565064
New Jersey,2012,-399.7066459224807
New Jersey,2013,-822.1635213627815
New Jersey,2014,-844.5994031434238
New Jersey,2015,-86.472347556155
New Jersey,2016,-130.4185444971663
New Jersey,2017,-490.1789741040993
New Jersey,2018,-1666.0516460126528
New Jersey,2019,-1498.9503111034282
New Jersey,2020,-928.2796767828258
New Jersey,2021,-824.9847591404105
New Jersey,2022,-4323.407916834127
New Jersey,2023,-5813.584233744026
New Jersey,2024,-6681.436547836012
New Mexico,2008,-2007.9177633705403
New Mexico,2009,-2639.083717896414
New Mexico,2010,-2261.1826002680173
New Mexico,2011,-3456.764532931593
New Mexico,2012,-3588.3072033176577
New Mexico,2013,-4193.234859136639
New Mexico,2014,-3607.2137746422522
New Mexico,2015,-3170.5245083648915
New Mexico,2016,-2778.385001194867
New Mexico,2017,-3661.245494024857
New Mexico,2018,-1784.6550192843642
New Mexico,2019,-1918.7596278563433
New Mexico,2020,-166.80398049113865
New Mexico,2021,996.7217837979697
New Mexico,2022,-1981.627848863267
New Mexico,2023,-3023.4012750613183
New Mexico,2024,-4057.0750922099396
New York,2008,-1206.5051533428923
New York,2009,-1345.677924085874
New York,2010,-891.2332277241367
New York,2011,-1640.2054178473772
New York,2012,-1238.7407270079784
New York,2013,-1848.6081268897833
New York,2014,-1501.1700650756975
New York,2015,-1096.069456844285
New York,2016,-1170.0750013752113
New York,2017,-663.1124469581846
New York,2018,-871.0913624638051
New York,2019,-905.4012786738895
New York,2020,-610.690292059051
New York,2021,-1048.1171775891562
New York,2022,-3632.3019457412447
New York,2023,-5102.868792614987
New York,2024,-6032.667939491075
North Carolina,2008,1935.48212618276
North Carolina,2009,1415.9180987981235
North Carolina,2010,-173.95611730078235
North Carolina,2011,-938.333014830423
North Carolina,2012,-491.35164678718866
North Carolina,2013,-1625.5176921477905
North Carolina,2014,-1261.2185924953592
North Carolina,2015,-248.23740612157417
North Carolina,2016,-272.1176209250407
North Carolina,2017,179.77077261642262
North Carolina,2018,204.4275019986526
North Carolina,2019,1215.8990998898735
North Carolina,2020,2703.940905539741
North Carolina,2021,1526.3878727696429
North Carolina,2022,-1437.4454460266643
North Carolina,2023,-2619.9534903188614
North Carolina,2024,-2927.3752854916675
North Dakota,2008,7859.993985533489
North Dakota,2009,6256.582916083622
North Dakota,2010,7353.624994237674
North Dakota,2011,8866.614631853641
North Dakota,2012,10568.347429640678
North Dakota,2013,8564.22719027051
North Dakota,2014,8873.493480523619
North Dakota,2015,7608.524382393676
North Dakota,2016,5752.669070755714
North Dakota,2017,6944.2455497230985
North Dakota,2018,5937.704514362114
North Dakota,2019,4542.996797797445
North Dakota,2020,6686.754044576344
North Dakota,2021,7352.598539656654
North Dakota,2022,6843.058412642946
North Dakota,2023,4896.535555065086
North Dakota,2024,2672.403227451083
Ohio,2008,1153.011254969344
Ohio,2009,142.2092922167285
Ohio,2010,199.68670714306063
Ohio,2011,1004.6152713093106
Ohio,2012,568.4637667301722
Ohio,2013,119.47067378200154
Ohio,2014,458.22655804000533
Ohio,2015,1659.631447115862
Ohio,2016,1561.638535837148
Ohio,2017,1772.1493960058797
Ohio,2018,1053.8656546474667
Ohio,2019,937.6877935472003
Ohio,2020,2863.5839116530406
Ohio,2021,2568.2290977997764
Ohio,2022,-288.92940466590517
Ohio,2023,-1307.9670319183351
Ohio,2024,-2362.2634065289603
Oklahoma,2008,4398.840573425092
Oklahoma,2009,2758.189570243245
Oklahoma,2010,1808.5281138426435
Oklahoma,2011,2123.019706211533
Oklahoma,2012,2458.70315545379
Oklahoma,2013,2676.1677554584603
Oklahoma,2014,3134.5730987079514
Oklahoma,2015,2390.790676259363
Oklahoma,2016,579.3522511063711
Oklahoma,2017,1112.9559949421528
Oklahoma,2018,1958.3215309057705
Oklahoma,2019,2557.1837495955624
Oklahoma,2020,2795.08550306705
Oklahoma,2021,2676.1081317517965
Oklahoma,2022,1243.964442571756
Oklahoma,2023,376.58872589356906
Oklahoma,2024,513.2858075700206
Oregon,2008,-1123.0217360994284
Oregon,2009,-2931.0425480896374
Oregon,2010,-2926.075266654232
Oregon,2011,-3206.0478201163787
Oregon,2012,-3683.8680514868465
Oregon,2013,-3670.4572545411647
Oregon,2014,-3003.3301081191603
Oregon,2015,-2473.0968089348316
Oregon,2016,-1602.215231610462
Oregon,2017,-2320.9689358350224
Oregon,2018,-3649.74218036361
Oregon,2019,-3187.635028419274
Oregon,2020,-1727.102538747793
Oregon,2021,-1746.8141648183082
Oregon,2022,-6656.277129797891
Oregon,2023,-6789.9172291999275
Oregon,2024,-6638.603952104924
Pennsylvania,2008,985.4578588603472
Pennsylvania,2009,383.6691652030204
Pennsylvania,2010,772.1668471111916
Pennsylvania,2011,950.7375998781936
Pennsylvania,2012,1079.3411620445258
Pennsylvania,2013,655.6790698008335
Pennsylvania,2014,1091.4482231541333
Pennsylvania,2015,1447.8532938994394
Pennsylvania,2016,1785.7282366761647
Pennsylvania,2017,798.4641264564998
Pennsylvania,2018,1392.2206465575946
Pennsylvania,2019,1439.7249630134174
Pennsylvania,2020,2804.098314376126
Pennsylvania,2021,2873.3853257847077
Pennsylvania,2022,-627.7597259162285
Pennsylvania,2023,-2542.221510044372
Pennsylvania,2024,-3389.9020525753585
Rhode Island,2008,-1019.5355065920085
Rhode Island,2009,-1498.3837295086996
Rhode Island,2010,-264.806342194046
Rhode Island,2011,-340.0703615789753
Rhode Island,2012,-1.3212935380724957
Rhode Island,2013,-1474.6856486502365
Rhode Island,2014,-842.4794326648553
Rhode Island,2015,-1082.4587115093746
Rhode Island,2016,-1133.604126549224
Rhode Island,2017,-1525.4241762502352
Rhode Island,2018,-1644.754268607452
Rhode Island,2019,-1350.812072007
Rhode Island,2020,57.96526008429646
Rhode Island,2021,-1062.9132288593537
Rhode Island,2022,-5372.362743074191
Rhode Island,2023,-5270.917047530471
Rhode Island,2024,-6101.120629308774
South Carolina,2008,-945.9643868735147
South Carolina,2009,-1170.9915609071904
South Carolina,2010,-2062.5341404585197
South Carolina,2011,-2230.3344681860617
South Carolina,2012,-2230.419718123463
South Carolina,2013,-2656.181237747107
South Carolina,2014,-2163.1735131827445
South Carolina,2015,-1243.2121396171715
South Carolina,2016,-1183.5293262179985
South Carolina,2017,-697.1376154027093
South Carolina,2018,-602.2625817912558
South Carolina,2019,295.3613381916439
South Carolina,2020,1443.7271466594393
South Carolina,2021,-63.23695556052553
South Carolina,2022,-2743.898502795855
South Carolina,2023,-3592.5853165355875
South Carolina,2024,-4104.086817114876
South Dakota,2008,8346.066783888142
South Dakota,2009,6760.383788819512
South Dakota,2010,5570.994167202945
South Dakota,2011,7422.72460328709
South Dakota,2012,4866.678524792471
South Dakota,2013,4261.075870973415
South Dakota,2014,5070.454403528143
South Dakota,2015,6930.177205882646
South Dakota,2016,6706.36924442547
South Dakota,2017,6460.542106003166
South Dakota,2018,4019.212286150141
South Dakota,2019,4287.2007429146615
South Dakota,2020,6598.018427300194
South Dakota,2021,8467.135574677071
South Dakota,2022,6968.090767868634
South Dakota,2023,5939.901363532888
South Dakota,2024,4383.213550611152
Tennessee,2008,410.44731841944304
Tennessee,2009,752.1224980889674
Tennessee,2010,51.48094533130643
Tennessee,2011,-90.74308509830007
Tennessee,2012,-323.9343061285763
Tennessee,2013,-699.9276715809392
Tennessee,2014,-574.8541465484668
Tennessee,2015,305.1137707300222
Tennessee,2016,-92.10417016029533
Tennessee,2017,271.4331373642999
Tennessee,2018,2184.0105246789462
Tennessee,2019,1824.124583675104
Tennessee,2020,3292.444313648288
Tennessee,2021,3704.4477653679132
Tennessee,2022,-125.6904701159292
Tennessee,2023,-810.8401580005302
Tennessee,2024,-1133.5866826690763
Texas,2008,1008.2184701367296
Texas,2009,-277.7963431489188
Texas,2010,-470.5900363288092
Texas,2011,448.915097639554
Texas,2012,280.15466803262825
Texas,2013,-266.36818954523187
Texas,2014,103.20937943887839
Texas,2015,116.21601398652274
Texas,2016,-686.6322089301684
Texas,2017,85.44885899721703
Texas,2018,167.2849936700659
Texas,2019,-98.82643111901416
Texas,2020,-113.36192194907198
Texas,2021,81.58845338938409
Texas,2022,-1759.1446205144166
Texas,2023,-2556.7052870141633
Texas,2024,-3320.935679487229
Utah,2008,-2630.4408026178426
Utah,2009,-4847.70027665385
Utah,2010,-4340.170330354718
Utah,2011,-5084.414173592537
Utah,2012,-4784.731087689186
Utah,2013,-4723.571858545678
Utah,2014,-4236.517964651968
Utah,2015,-3030.7682607679744
Utah,2016,-2490.9991982494103
Utah,2017,-3122.6736512411226
Utah,2018,-1656.0165585199939
Utah,2019,-1697.120894587788
Utah,2020,445.6229922610946
Utah,2021,1544.5011142532603
Utah,2022,-1162.040466116072
Utah,2023,-2639.236868338383
Utah,2024,-5055.261680669151
Vermont,2008,-119.62202821558458
Vermont,2009,-533.9600268066279
Vermont,2010,223.26582031752332
Vermont,2011,427.3665193836641
Vermont,2012,-293.46725358628464
Vermont,2013,-907.221956992842
Vermont,2014,427.40814336407493
Vermont,2015,-87.83615404737793
Vermont,2016,686.8993723940512
Vermont,2017,-690.8085258400679
Vermont,2018,-919.3505603830417
Vermont,2019,-251.34238164503768
Vermont,2020,-574.9559428564971
Vermont,2021,185.67497501296748
Vermont,2022,-3779.641303240598
Vermont,2023,-2431.817620150512
Vermont,2024,-3451.6500305995432
Virginia,2008,1248.9569032894215
Virginia,2009,1075.128311511493
Virginia,2010,330.52647520497703
Virginia,2011,318.68006898283056
Virginia,2012,568.8730158729231
Virginia,2013,-984.7102793115628
Virginia,2014,-923.941125958263
Virginia,2015,-225.67510820933967
Virginia,2016,135.2195565408765
Virginia,2017,797.2404593658066
Virginia,2018,45.67197746697639
Virginia,2019,1218.812392984255
Virginia,2020,1348.9864354134188
Virginia,2021,312.2018293188012
Virginia,2022,-2599.472260334005
Virginia,2023,-3219.4365442234266
Virginia,2024,-3763.8384357532923
Washington,2008,-30.71936639683554
Washington,2009,-1216.0718149346067
Washington,2010,-848.2568555908801
Washington,2011,-1221.209323740637
Washington,2012,-418.98911198214046
Washington,2013,-841.1080796661336
Washington,2014,-926.2255939944953
Washington,2015,-288.46271184993384
Washington,2016,-559.2364105521556
Washington,2017,-1189.6057651868905
Washington,2018,-1206.802621582814
Washington,2019,-1164.456080914868
Washington,2020,-251.75154717822443
Washington,2021,-1311.8669723078638
Washington,2022,-5361.170344805039
Washington,2023,-5593.3991022530245
Washington,2024,-5564.039019985605
West Virginia,2008,-135.70045832330652
West Virginia,2009,571.9022863304781
West Virginia,2010,-484.7196352884348
West Virginia,2011,-439.50660308594524
West Virginia,2012,-739.9101296408917
West Virginia,2013,-1799.956571474424
West Virginia,2014,-1502.0750849847755
West Virginia,2015,-1395.5514098943822
West Virginia,2016,-1444.3990878027034
West Virginia,2017,-749.1132572455681
West Virginia,2018,-668.3967260998033
West Virginia,2019,12.438681895218906
West Virginia,2020,1413.0956837816266
West Virginia,2021,-615.8754163248959
West Virginia,2022,-2214.8084350053396
West Virginia,2023,-3201.528603152765
West Virginia,2024,-3534.1364381638414
Wisconsin,2008,2297.0920503925445
Wisconsin,2009,1504.3035384046816
Wisconsin,2010,982.1054103225688
Wisconsin,2011,1538.325167907431
Wisconsin,2012,1291.246643352395
Wisconsin,2013,902.961902811985
Wisconsin,2014,1100.3998737913425
Wisconsin,2015,2278.387694712772
Wisconsin,2016,2218.7589568767653
Wisconsin,2017,2057.5282010647934
Wisconsin,2018,1829.310986852288
Wisconsin,2019,1705.4246825095324
Wisconsin,2020,3711.51265748874
Wisconsin,2021,3291.2376398766937
Wisconsin,2022,559.0131552734529
Wisconsin,2023,-1027.5280617569806
Wisconsin,2024,-2130.221691713814
Wyoming,2008,7903.906370280609
Wyoming,2009,4239.863656283473
Wyoming,2010,5099.692611400307
Wyoming,2011,4976.29780859172
Wyoming,2012,6352.981712007611
Wyoming,2013,4535.8289357423055
Wyoming,2014,5458.1621164802345
Wyoming,2015,5590.168660193151
Wyoming,2016,3199.822664533567
Wyoming,2017,4021.3542458577867
Wyoming,2018,7228.839385348474
Wyoming,2019,6456.9204532758595
Wyoming,2020,8965.995249994507
Wyoming,2021,9420.807026510214
Wyoming,2022,7173.9498945651285
Wyoming,2023,6519.198097869827
Wyoming,2024,4806.888908337554
